Ball #,BallName,IO Type,X,Y,Interface,Notes

TODO
EV6,XTAL_OUT,O,9931.8,22391.7,PCH Interfaces,
EV8,XTAL_IN,I,9300.6,22573.9,PCH Interfaces,
ET51,WAKE#,IOD,-7918.8,21680.9,PCH Interfaces,
AF30,VCCINAUX_SENSE,PWR_SENSE,488.9,-14251.9,Power,
DA3,VCCGT,PWR,11290,7556.2,Power,
CV1,VCCGT_SENSE,PWR_SENSE ,11940,6256.2,CPU Power,
CT12,RSVD_TP,N/A,7438.2,5786.2,Test Point ,
R9,VIDSOUT,I/O,8738.2,-18892.8,Legacy/Sidebend,
U9,VIDSCK,O,8738.2,-18041.8,Legacy/Sidebend,
W9,VIDALERT#,I,8738.2,-17190.8,Legacy/Sidebend,
ET21,VDDEN,O,4093.2,21680.9,PCH Display,
BJ11,RSVD_TP,N/A,8088.2,-5276.8,Test Point ,
DJ6,VCCST_PWRGD_SX,I,10038.2,10892.2,Legacy/Sidebend,
DJ8,VCCST_PWRGD,I,9388.2,10892.2,Legacy/Sidebend,
DK4,VCCST_OVERRIDE,O,10727,11131.2,PCH Power,
BJ12,RSVD_TP,N/A,7438.2,-5276.8,Test Point ,
FB45,RSVD,N/A,-5607.4,24058.1,N/A,
BL12,RSVD_TP,N/A,7438.2,-4425.8,Test Point,
EC38,VCCRTC,PWR,-2913.8,16480.9,PCH Power,
EE33,VCCPGPPR,PWR,-911.8,17130.9,PCH Power,
EB42,VCCDSW_3P3,PWR,-4567.4,16056.4,PCH Power,
FB52,VCCLDOSTD_0P85,PWR,-8248.4,24038.1,PCH Power,
AH30,VSSINAUX_SENSE,GND_SENSE,488.9,-13601.9,Power,
P1,VCCIN_AUX_FLTR,PWR,11940,-19093.8,Power,
EA14,RSVD_TP,N/A,6746.7,15575.7,Test Point,
CM44,RSVD_TP,N/A,-5102.8,3877.2,Test Point,
AR14,VCC1P05_PROC_OUT,PWR,6946.7,-10808.3,CPU Power,
AU14,VCC1P05_PROC_OUT,PWR,6946.7,-9957.3,Power,
EE41,VCCDSW_1P05,PWR,-3914.8,17130.9,PCH Power,
FB39,VCCDPHY_1P24,PWR,-3129.2,24058.1,PCH Power,
CV3,VCCGT_VSS_SENSE,GND_SENSE,11290,6256.2,Power,
CR14,RSVD_TP,N/A,6946.7,5360.7,Test Point,
EJ14,VCCA_CLKLDO_1P8,PWR,6746.7,18979.7,PCH Power,
EM14,VCCA_CLKLDO_1P8,PWR,6746.7,19830.7,PCH Power,
BF14,RSVD_TP,N/A,6946.7,-6553.3,Test Point,
CN43,RSVD_TP,N/A,-4678.6,4374.4,Test Point,
BA14,RSVD_TP,N/A,6946.7,-8255.3,Test Point,
BP44,RSVD_TP,N/A,-5179,-3225.1,Test Point,
E61,VCC1P8_PROC,PWR,-11940,-22680,CPU Power,
G61,VCC1P8_PROC,PWR,-11940,-22030,CPU Power,
H59,VCC1P8_PROC,PWR,-11376.8,-21705,CPU Power,
AH44,VCC1P8_PROC,PWR,-5179,-13780.5,CPU Power,
AJ45,VCC1P8_PROC,PWR,-5596.8,-13280.1,CPU Power,
AK44,VCC1P8_PROC,PWR,-5071,-12896.7,CPU Power,
AL45,VCC1P8_PROC,PWR,-5596.8,-12513.3,CPU Power,
AM41,VCC1P8_PROC,PWR,-4121.9,-11934,CPU Power,
AM44,VCC1P8_PROC,PWR,-5179,-12012.9,CPU Power,
AN43,VCC1P8_PROC,PWR,-4678.6,-11597.8,CPU Power,
AM15,VCC_DISPIO,PWR,6494.9,-11867.9,CPU Power,
V1,VCC_MIPILPÂ ,PWR,11940,-17793.8,CPU Power,
EB36,VCCPRIM1P05_OUT_PCH,PWR,-1912.8,15830.9,PCH Power,
EC36,VCCPRIM1P05_OUT_PCH,PWR,-1912.8,16480.9,PCH Power,
AT12,VCC1P05_PROC_OUT,PWR,7438.2,-10382.8,CPU Power,
EV3,VCC1P05_OUT_FET,PWR,11312,22511.8,PCH Interfaces,
EW1,VCC1P05_OUT_FET,PWR,11940,22680,PCH Interfaces,
EY1,VCC1P05_OUT_FET,PWR,11940,23330,PCH Interfaces,
EU1,VCC1P05_PROC,PWR,11940,22030,CPU Power,
EU4,VCC1P05_PROC,PWR,10987,21948.8,CPU Power,
BK14,RSVD_TP,N/A,6946.7,-4851.3,Test Point,
BN43,RSVD_TP,N/A,-4651.4,-3612,Test Point,
EF21,VCC_VNNEXT_1P05,PWR,4093.2,17780.9,PCH Power,
EH21,VCC_VNNEXT_1P05,PWR,4093.2,18430.9,PCH Power,
EE18,VCC_V1P05EXT_1P05,PWR,5094.2,17130.9,PCH Power,
EE21,VCC_V1P05EXT_1P05,PWR,4093.2,17130.9,PCH Power,
FC9,RSVD,N/A,8873.5,24440,N/A,
FC7,RSVD,N/A,9530,24440,N/A,
EC18,RSVD,N/A,5094.2,16480.9,N/A,
DL8,UFS_RESET#,I,9188.2,11746.2,PCH Interfaces,
AH32,THERMTRIP#,O,-512.1,-13601.9,Legacy/Sidebend,
CB11,RSVD_TP,N/A,8088.2,-170.8,Test Point,
CT3,VCCCORE_SENSE,PWR_SENSE ,11290,5606.2,CPU Power,
BW11,RSVD_TP,N/A,8088.2,-1021.8,Test Point,
CT1,VCCCORE_VSS_SENSE,GND_SENSE,11940,5606.2,Power,
EK18,RSVD_TP,N/A,5094.2,19080.9,Test Point,
EH18,RSVD_TP,N/A,5094.2,18430.9,Test Point,
AL3,VSS,GND,11290,-12593.8,Power,
AY11,RSVD_TP,N/A,8088.2,-8680.8,Test Point,
AT9,RSVD_TP,N/A,8738.2,-10382.8,Test Point,
AP11,RSVD_TP,N/A,8088.2,-11233.8,Test Point,
AT11,RSVD_TP,N/A,8088.2,-10382.8,Test Point,
AP12,RSVD_TP,N/A,7438.2,-11233.8,Test Point,
AY12,VSS,GND,7438.2,-8680.8,Power ,
EK26,SYS_RESET#,I,2091.2,19080.9,PCH Power,
EK23,SYS_PWROK,I,3092.2,19080.9,PCH Power,
FB56,SRTCRST#,I,-10011.8,23812,PCH Power,
EL53,SPIVCCIOSEL,I,-8919.8,19730.9,PCH Power,
EF56,SPI0_CS2#,O,-9866.1,17451.9,PCH Interfaces,
EF57,SPI0_MOSI,I/O,-10536.1,17442.8,PCH Interfaces,
EF59,SPI0_MISO,I/O,-11250.2,17426.6,PCH Interfaces,
EC59,SPI0_IO3,I/O,-11162.2,16218.2,PCH Interfaces,
EC61,SPI0_IO2,I/O,-11940,16216.8,PCH Interfaces,
EG58,SPI0_CS1#,O,-10810.4,18032.7,PCH Interfaces,
EF61,SPI0_CS0#,O,-11940,17563,PCH Interfaces,
EG56,SPI0_CLK,O,-10159.9,18032.7,PCH Interfaces,
EH41,RSVD,N/A,-3914.8,18430.9,N/A,
EF33,RSVD,N/A,-911.8,17780.9,N/A,
EE46,RSVD,N/A,-5916.8,17130.9,N/A,
DT42,RSVD,N/A,-4567.4,13503.4,N/A,
BG53,RSVD,N/A,-8852.6,-5905,N/A,
BG47,RSVD,N/A,-6559,-5905,N/A,
AL40,RSVD,N/A,-3512.1,-12301.9,N/A,
AL30,RSVD,N/A,488.9,-12301.9,N/A,
AK40,RSVD,N/A,-3512.1,-12951.9,N/A,
AK22,RSVD,N/A,3491.9,-12951.9,N/A,
AH20,RSVD,N/A,4492.9,-13601.9,N/A,
AF27,RSVD,N/A,1489.9,-14251.9,N/A,
FA53,SNDW_RCOMP,Analog,-8835.6,23752.2,PCH Interfaces,
FC53,SNDW_RCOMP,Analog,-8812,24440,PCH Interfaces,
EN53,SLP_SUS#,O,-8919.8,20380.9,PCH Interfaces,
EK53,SLP_LAN#,O,-8919.8,19080.9,PCH Interfaces,
AK35,SKTOCC#,N/A,-1513.1,-12951.9,CPU MISC,
FB4,RSVD_TP,N/A,10662,23812,Test Point,
FC4,RSVD_TP,N/A,10830,24440,Test Point,
FA55,RTCRST#,I,-9448.8,23487,PCH Interfaces,
EV58,RTCX2,O,-10661.9,22511.8,PCH Interfaces,
EV56,RTCX1,I,-9891.7,22431.8,PCH Interfaces,
EH53,RSMRST#,I,-8919.8,18430.9,PCH Interfaces,
AK32,PROCHOT#,I/O,-512.1,-12951.9,Legacy/Sidebend,
L6,PROC_PREQ#,I,10038.2,-20594.8,Legacy/Sidebend,
L8,PROC_PRDY#,O,9388.2,-20594.8,Legacy/Sidebend,
AF40,RSVD_TP,N/A,-3512.1,-14251.9,Test Point,
AH40,RSVD_TP,N/A,-3512.1,-13601.9,Test Point,
DG3,PECI,I/O,11290,10156.2,Legacy/Sidebend,
AN35,RSVD_TP,N/A,-1513.1,-11651.9,Test Point,
AL35,RSVD_TP,N/A,-1513.1,-12301.9,Test Point,
AL27,RSVD_TP,N/A,1489.9,-12301.9,Test Point,
AN27,RSVD_TP,N/A,1489.9,-11651.9,Test Point,
AN25,RSVD_TP,N/A,2490.9,-11651.9,Test Point,
AL25,RSVD_TP,N/A,2490.9,-12301.9,Test Point,
DY5,RSVD_TP,N/A,10516.6,15118,Test Point,
DY6,RSVD_TP,N/A,9866.6,15118,Test Point,
EH48,RSVD,N/A,-6917.8,18430.9,N/A,
EF53,RSVD,N/A,-8919.8,17780.9,N/A,
EF51,RSVD,N/A,-7918.8,17780.9,N/A,
EF48,RSVD,N/A,-6917.8,17780.9,N/A,
FB58,RSVD_TP,N/A,-10662,23812,Test Point,
EY61,RSVD_TP,N/A,-11940,23330,Test Point,
EH51,PCH_PWROK,N/A,-7918.8,18430.9,PCH Power,
DG1,PCH_OPIRCOMP,Analog,11940,10156.2,PCH Debug,
DV11,TP,N/A,7888.2,14299.2,PCH Debug,
DV10,TP,N/A,8538.2,14299.2,PCH Debug,
N8,PCH_JTAGX,I/O,9388.2,-19743.8,PCH Debug,
U6,PCH_JTAG_TMS,IOD,10038.2,-18041.8,PCH Debug,
AA8,PCH_JTAG_TDO,IOD,9388.2,-16339.8,PCH Debug,
W6,PCH_JTAG_TDI,I/O,10038.2,-17190.8,PCH Debug,
FB6,PCH_JTAG_TCK,I/O,10011.8,23811.9,PCH Debug,
FB3,RSVD,N/A,11312,23812,N/A,
FC6,RSVD,N/A,10180,24440,N/A,
R8,PCH_PROC_TRST#,O,9388.2,-18892.8,PCH Debug,
AH22,CFG[9],I/O,3491.9,-13601.9,CPU Debug,
AK17,CFG[8],I/O,5493.9,-12951.9,CPU Debug,
AJ15,CFG[7],I/O,6494.9,-13167.9,CPU Debug,
AH17,CFG[6],I/O,5493.9,-13601.9,CPU Debug,
AG15,CFG[5],I/O,6494.9,-13817.9,CPU Debug,
AD11,CFG[4],I/O,8032.9,-15226.9,CPU Debug,
AC12,CFG[3],I/O,7469.4,-15551.9,CPU Debug,
AA12,CFG[2],I/O,7469.4,-16201.9,CPU Debug,
AF37,CFG[15],I/O,-2514.1,-14251.9,CPU Debug,
AH35,CFG[14],I/O,-1513.1,-13601.9,CPU Debug,
AF35,CFG[13],I/O,-1513.1,-14251.9,CPU Debug,
AH37,CFG[12],I/O,-2514.1,-13601.9,CPU Debug,
AH25,CFG[11],I/O,2490.9,-13601.9,CPU Debug,
AF20,CFG[10],I/O,4492.9,-14251.9,CPU Debug,
AD16,CFG[1],I/O,6072.9,-15226.9,CPU Debug,
AA16,CFG[0],I/O,6072.9,-16526.9,CPU Debug,
F8,CFG_RCOMP,Analog,9261.8,-22417.9,CPU Debug,
AF22,CFG[17],I/O,3491.9,-14251.9,CPU Debug,
AF17,CFG[16],I/O,5493.9,-14251.9,CPU Debug,
DY1,MPHY_RCOMPP,Analog,11940,15229.1,PCH Interfaces,
DY3,MPHY_RCOMPN,Analog,11290,15229.1,PCH Interfaces,
EH26,CL_RST#,O,2091.2,18430.9,PCH Debug,
EF26,CL_DATA,I/O,2091.2,17780.9,PCH Interfaces,
EE26,CL_CLK,O,2091.2,17130.9,PCH Interfaces,
AF12,BPM#[3],I/O,7495.9,-14251.9,Legacy/Sidebend,
AH12,BPM#[2],I/O,7495.9,-13601.9,Legacy/Sidebend,
AK12,BPM#[1],I/O,7495.9,-12951.9,Legacy/Sidebend,
AL12,BPM#[0],I/O,7495.9,-12301.9,Legacy/Sidebend,
DY44,INTRUDER#,I ,-5217.4,15205.4,PCH Debug,
AK27,RSVD,N/A,1489.9,-12951.9,N/A,
AH27,RSVD,N/A,1489.9,-13601.9,N/A,
EL51,GPP_T3,I,-7918.8,19730.9,PCH GPIOs,
EN51,GPP_T2,I,-7918.8,20380.9,PCH GPIOs,
DR61,GPPC_RCOMP,Analog,-11940,13148.6,PCH GPIOs,
EN43,GPP_H9/I2C4_SCL/CNV_MFUART2_TXD,I,-4915.8,20380.9,PCH GPIOs,
EL43,GPP_H8/I2C4_SDA/CNV_MFUART2_RXD,I,-4915.8,19730.9,PCH GPIOs,
EH43,GPP_H7/I2C1_SCL,I,-4915.8,18430.9,PCH GPIOs,
EF43,GPP_H6/I2C1_SDA,I,-4915.8,17780.9,PCH GPIOs,
EH46,GPP_H5/I2C0_SCL,I,-5916.8,18430.9,PCH GPIOs,
EF46,GPP_H4/I2C0_SDA,I,-5916.8,17780.9,PCH GPIOs,
ET48,GPP_H3/SX_EXIT_HOLDOFF#,I,-6917.8,21680.9,PCH GPIOs,
ET43,GPP_H23/SRCCLKREQ5#,I/O or IOD,-4915.8,21680.9,PCH GPIOs,"IO Type: I/O for GPP, IOD for SRCCLKREQ"
ET41,GPP_H22/IMGCLKOUT3,I/O,-3914.8,21680.9,PCH GPIOs,
ER41,GPP_H21/IMGCLKOUT2,I/O,-3914.8,21030.9,PCH GPIOs,
EN41,GPP_H20/IMGCLKOUT1,I/O,-3914.8,20380.9,PCH GPIOs,
ET46,GPP_H2,I/O,-5916.8,21680.9,PCH GPIOs,
ER48,GPP_H19/SRCCLKREQ4#,I/O or IOD,-6917.8,21030.9,PCH GPIOs,"IO Type: I/O for GPP, IOD for SRCCLKREQ"
ER46,GPP_H18/PROC_C10_GATE#,O,-5916.8,21030.9,PCH GPIOs,
EL46,GPP_H17/DDPB_CTRLDATA,I/O,-5916.8,19730.9,PCH GPIOs,
EK46,GPP_H15/DDPB_CTRLCLK/PCIE_LINK_DOWN,I/O,-5916.8,19080.9,PCH GPIOs,
EL41,GPP_H13/I2C7_SCL/UART0_CTS#/M2_SKT2_CFG3/ISH_GP7B/DEVSLP1B,I,-3914.8,19730.9,PCH GPIOs,
EK41,GPP_H12/I2C7_SDA/UART0_RTS#/M2_SKT2_CFG2/ISH_GP6B/DEVSLP0B,I,-3914.8,19080.9,PCH GPIOs,
EN48,GPP_H11/UART0_TXD/M2_SKT2_CFG1,I,-6917.8,20380.9,PCH GPIOs,
EN46,GPP_H10/UART0_RXD/M2_SKT2_CFG0,O,-5916.8,20380.9,PCH GPIOs,
EL48,GPP_H1,I/O,-6917.8,19730.9,PCH GPIOs,
EK48,GPP_H0,I/O,-6917.8,19080.9,PCH GPIOs,
ET28,GPP_F9/BOOTMPC,O,1090.2,21680.9,PCH GPIOs,
EN28,GPP_F7,I/O,1090.2,20380.9,PCH GPIOs,
EH36,GPP_F6/CNV_PA_BLANKING,I,-1912.8,18430.9,PCH GPIOs,
EF36,GPP_F5/MODEM_CLKREQ/CRF_XTAL_CLKREQ,O,-1912.8,17780.9,PCH GPIOs,
ET31,GPP_F4/CNV_RF_RESET#,O,89.2,21680.9,PCH GPIOs,
ER31,GPP_F3/CNV_RGI_RSP/UART2_CTS#,I,89.2,21030.9,PCH GPIOs,
EL28,GPP_F23/V1P05_CTRL,O,1090.2,19730.9,PCH GPIOs,
EK31,GPP_F22/VNN_CTRL,O,89.2,19080.9,PCH GPIOs,
EH31,GPP_F21/RSVD,O,89.2,18430.9,PCH GPIOs,
EH28,GPP_F20/RSVD,O,1090.2,18430.9,PCH GPIOs,
EN31,GPP_F2/CNV_RGI_DT/UART2_TXD,O,89.2,20380.9,PCH GPIOs,
EF31,GPP_F19/SRCCLKREQ6#,I,89.2,17780.9,PCH GPIOs,
ET36,GPP_F18/THC1_SPI2_INT#,I,-1912.8,21680.9,PCH GPIOs,
ER33,GPP_F17/THC1_SPI2_RST#,I,-911.8,21030.9,PCH GPIOs,
EL33,GPP_F16/GSXCLK/THC1_SPI2_CS#/GSP1_CS0#,I,-911.8,19730.9,PCH GPIOs,
EN36,GPP_F15/GSXSRESET#/THC1_SPI2_IO3,I,-1912.8,20380.9,PCH GPIOs,
EL36,GPP_F14/GSXDIN/THC1_SPI2_IO2,I,-1912.8,19730.9,PCH GPIOs,
ET33,GPP_F13/GSXSLOAD/THC1_SPI2_IO1/GSPI1_MISIO/I2C1A_SDA,I,-911.8,21680.9,PCH GPIOs,
EL31,GPP_F12/GSXDOUT/THC1_SPI2_IO0/GSPI1_MOSI/I2C1A_SCL,I,89.2,19730.9,PCH GPIOs,
EN33,GPP_F11/THC1_SPI2_CLK/GSPI1_CLK,I,-911.8,20380.9,PCH GPIOs,
EF28,GPP_F10,I/O,1090.2,17780.9,PCH GPIOs,
EK33,GPP_F1/CNV_BRI_RSP/UART2_RXD,I,-911.8,19080.9,PCH GPIOs,
EH33,GPP_F0/CNV_BRI_DT/UART2_RTS#,O,-911.8,18430.9,PCH GPIOs,
FC25,GPP_E9/USB_OC0#/ISH_GP4,I,2584.8,24440,PCH GPIOs,
FA22,GPP_E8,I/O,3718.2,23662.2,PCH GPIOs,
FB23,GPP_E7/PROC_GP1,I,3104.6,23958.8,PCH GPIOs,
EH23,GPP_E6/THC0_SPI1_RST#,I,3092.2,18430.9,PCH GPIOs,
FA25,GPP_E5/DEVSLP1/SRCCLK_OE6#,I,2448.4,23750.2,PCH GPIOs,
FC22,GPP_E4/DEVSLP0/SRCCLK_OE9#,I,3716.9,24440,PCH GPIOs,
EY23,GPP_E3/PROC_GP0,I,3054.6,23310.4,PCH GPIOs,
ET23,GPP_E23/DDPA_CTRLDATA,I/O,3092.2,21680.9,PCH GPIOs,
ER23,GPP_E22/DDPA_CTRLCLK/DNX_FORCE_RELOAD,I/O,3092.2,21030.9,PCH GPIOs,
EN26,GPP_E21/DDP2_CTRLDATA/TBT_LSX1_RXD/BSSB_LS1_TX,I/O,2091.2,20380.9,PCH GPIOs,
EL26,GPP_E20/DDP2_CTRLCLK/TBT_LSX1_TXD/BSSB_LS1_RX,I/O,2091.2,19730.9,PCH GPIOs,
EF23,GPP_E2/THC0_SPI1_IO3,I,3092.2,17780.9,PCH GPIOs,
ET26,GPP_E19/DDP1_CTRLDATA/TBT_LSX0_RXD/BSSB_LS0_TX,I,2091.2,21680.9,PCH GPIOs,
ER26,GPP_E18/DDP1_CTRLCLK/TBT_LSX0_TXD/BSSB_LS0_RX,I,2091.2,21030.9,PCH GPIOs,
EY25,GPP_E17/THC0_SPI1_INT#,I,2464.6,23036.5,PCH GPIOs,
EY22,GPP_E16/SRCCLKREQ8#,I,3635,23017.5,PCH GPIOs,
EW23,GPP_E15/SRCCLK_OE8#,I,3054.6,22660.4,PCH GPIOs,
EV25,GPP_E14/DDSP_HPDA/DISP_MISC_A,O,2453.8,22366.5,PCH GPIOs,
EN23,GPP_E13/THC0_SPI1_IO0/I2C0A_SCL/GSPI0_MOSI,I/O,3092.2,20380.9,PCH GPIOs,
EL23,GPP_E12/THC0_SPI1_IO1/I2C0A_SDA/GSPI0_MISO,I/O,3092.2,19730.9,PCH GPIOs,
FC28,GPP_E11/THC0_SPI1_CLK/GSPI0_CLK,O,1238.7,24440,PCH GPIOs,
FA28,GPP_E10/THC0_SPI1_CS#/GSPI0_CS0#,O,1240,23662.2,PCH GPIOs,
EE23,GPP_E1/THC0_SPI1_IO2,I,3092.2,17130.9,PCH GPIOs,
EV22,GPP_E0/SATAXPCIE0/SATAGP0/SRCCLKREQ9#,I,3637.8,22366.5,PCH GPIOs,
FC37,GPP_D9/ISH_SPI_CS#/DDP3_CTRLCLK/TBT_LSX2_TXD/BSSB_LS2_RX/GSPI2_CS0#,I,-2371.6,24440,PCH GPIOs,
FC34,GPP_D8/SRCCLKREQ3#,I,-1239.5,24440,PCH GPIOs,
FC31,GPP_D7/SRCCLKREQ2#,I,106.6,24440,PCH GPIOs,
FB36,GPP_D6/SRCCLKREQ1#,I,-1851.8,23958.8,PCH GPIOs,
FB29,GPP_D5/SRCCLKREQ0#,I,626.4,23958.8,PCH GPIOs,
FA31,GPP_D4/IMGCLKOUT0/BK4/SBK4,I,-29.8,23750.2,PCH GPIOs,
FA34,GPP_D3/ISH_GP3/BK3/SBK3,O,-1238.2,23662.2,PCH GPIOs,
EY30,GPP_D2/ISH_GP2/BK2/SBK2,O,576.4,23310.4,PCH GPIOs,
EY34,GPP_D19/I2S_MCLK1_OUT,I,-1321.4,23017.5,PCH GPIOs,
EW30,GPP_D18/UART1_TXD/ISH_UART1_TXD,I,576.4,22660.4,PCH GPIOs,
EV34,GPP_D17/UART1_RXD/ISH_UART1_RXD,I,-1318.6,22366.5,PCH GPIOs,
EY36,GPP_D16/ISH_UART0_CTS#/I2C7B_SCL,I,-1901.8,23310.4,PCH GPIOs,
EW36,GPP_D15/ISH_UART0_RTS#/I2C7B_SDA,I,-1901.8,22660.4,PCH GPIOs,
EY28,GPP_D14/ISH_UART0_TXD/I2C6_SCL,I,1156.8,23017.5,PCH GPIOs,
EV28,GPP_D13/ISH_UART0_RXD/I2C6_SDA,I,1159.6,22366.5,PCH GPIOs,
FA37,GPP_D12/ISH_SPI_MOSI/DDP4_CTRLDATA/TBT_LSX3_RXD/BSSB_LS3_TX/GSPI2_MOSI,I,-2508,23750.2,PCH GPIOs,
EY37,GPP_D11/ISH_SPI_MISO/DDP4_CTRLCLK/TBT_LSX3_TXD/BSSB_LS3_RX/GSPI2_MISO,I,-2491.8,23036.5,PCH GPIOs,
EV37,GPP_D10/ISH_SPI_CLK/DDP3_CTRLDATA/TBT_LSX2_RXD/BSSB_LS2_TX/GSPI2_CLK,I,-2502.6,22366.5,PCH GPIOs,
EY31,GPP_D1/ISH_GP1/BK1/SBK1,I/O,-13.6,23036.5,PCH GPIOs,
EV31,GPP_D0/ISH_GP0/BK0/SBK0,I/O,-24.4,22366.5,PCH GPIOs,
ER38,GPP_C7/SML1DATA,O,-2913.8,21030.9,PCH GPIOs,
ET38,GPP_C6/SML1CLK,I,-2913.8,21680.9,PCH GPIOs,
EH38,GPP_C5/SML0ALERT#,O,-2913.8,18430.9,PCH GPIOs,
EF38,GPP_C4/SML0DATA,I/O or IOD,-2913.8,17780.9,PCH GPIOs,"IO Type: I/O for GPP, IOD for SML0"
EE38,GPP_C3/SML0CLK,I/O or IOD,-2913.8,17130.9,PCH GPIOs,"IO Type: I/O for GPP, IOD for SML0"
EN38,GPP_C2/SMBALERT#,I/O or IOD,-2913.8,20380.9,PCH GPIOs,"IO Type: I/O for GPP, IOD for SMB"
EK38,GPP_C1/SMBDATA,I/O or IOD,-2913.8,19080.9,PCH GPIOs,"IO Type: I/O for GPP, IOD for SMB"
EL38,GPP_C0/SMBCLK,I/O or IOD,-2913.8,19730.9,PCH GPIOs,"IO Type: I/O for GPP, IOD for SMB"
DR56,GPP_B8/ISH_I2C1_SCL/I2C3_SCL,I,-9943.1,13032.7,PCH GPIOs,
DR58,GPP_B7/ISH_I2C1_SDA/I2C3_SDA,I,-10890.4,13076.3,PCH GPIOs,
DT57,GPP_B6/ISH_I2C0_SCL/I2C2_SCL,I,-10517.1,13656.8,PCH GPIOs,
DT56,GPP_B5/ISH_I2C0_SDA/I2C2_SDA,I,-9866.1,13679.6,PCH GPIOs,
EB56,GPP_B4/PROC_GP3/ISH_GP5B,I,-9866.1,16157.8,PCH GPIOs,
EB57,GPP_B3/PROC_GP2/ISH_GP4B,I,-10517.1,16135,PCH GPIOs,
EF41,GPP_B23/SML1ALERT#/PCHHOT#,O,-3914.8,17780.9,PCH GPIOs,
DT59,GPP_B2/VRALERT#,I,-11162.2,13740,PCH GPIOs,
DT61,GPP_B18,I,-11940,13798.6,PCH GPIOs,
DN60,GPP_B17/I2C5_SCL/ISH_I2C2_SCL,I,-11424.8,12584.7,PCH GPIOs,
DN57,GPP_B16/I2C5_SDA/ISH_I2C2_SDA,I,-10421.2,12588.5,PCH GPIOs,
DY61,GPP_B15/TIME_SYNC0/ISH_GP7,I,-11940,15084.8,PCH GPIOs,
DW56,GPP_B14/SPKR/TIME_SYNC1/SATA_LED#/ISH_GP6,I,-9866.1,14973.7,PCH GPIOs,
DW57,GPP_B13/PLTRST#,O,-10536.1,14964.6,PCH GPIOs,
DW59,GPP_B12/SLP_S0#,O,-11250.2,14948.4,PCH GPIOs,
EA56,GPP_B11/PMCALERT#,I/O or IOD,-10159.9,15554.5,PCH GPIOs,"IO Type: I/O for GPP, IOD for PMC"
EA58,GPP_B1/CORE_VID1,O,-10810.4,15554.5,PCH GPIOs,
EA60,GPP_B0/CORE_VID0,O,-11458.8,15604.5,PCH GPIOs,
DT49,GPP_A9/ESPI_CLK,O,-7167.4,13503.4,PCH GPIOs,
EB54,GPP_A8/SRCCLKREQ7#,I,-9117.4,16056.4,PCH GPIOs,
EB52,GPP_A7/SRCCLK_OE7#,I,-8467.4,16056.4,PCH GPIOs,
DP54,GPP_A6/ESPI_ALERT1#,O,-9117.4,12652.4,PCH GPIOs,
DP47,GPP_A5/ESPI_ALERT0#,O,-6517.4,12652.4,PCH GPIOs,
DP44,GPP_A4/ESPI_CS0#,O,-5217.4,12652.4,PCH GPIOs,
DP52,GPP_A3/ESPI_IO3/SUSACK#,I/O,-8467.4,12652.4,PCH GPIOs,
DT46,GPP_A23/ESPI_CS1#,O,-5867.4,13503.4,PCH GPIOs,
DV52,GPP_A22/DDPC_CTRLDATA,O,-8467.4,14354.4,PCH GPIOs,
DV54,GPP_A21/DDPC_CTRLCLK,I,-9117.4,14354.4,PCH GPIOs,
EB51,GPP_A20/DDSP_HPD2/DISP_MISC2,I,-7817.4,16056.4,PCH GPIOs,
DT54,GPP_A2/ESPI_IO2/SUSWARN#/SUSPWRDNACK,I/O,-9117.4,13503.4,PCH GPIOs,
EB49,GPP_A19/DDSP_HPD1/DISP_MISC1,I,-7167.4,16056.4,PCH GPIOs,
EB47,GPP_A18/DDSP_HPDB/DISP_MISCB,I,-6517.4,16056.4,PCH GPIOs,
DY54,GPP_A17/DISP_MISCC,I,-9117.4,15205.4,PCH GPIOs,
DY51,GPP_A16/USB_OC3#/ISH_GP5,I,-7817.4,15205.4,PCH GPIOs,
DY49,GPP_A15/USB_OC2#/DDSP_HPD4/DISP_MISC4,I,-7167.4,15205.4,PCH GPIOs,
DY47,GPP_A14/USB_OC1#/DDSP_HPD3/DISP_MISC3,I,-6517.4,15205.4,PCH GPIOs,
DV47,GPP_A13,I/O,-6517.4,14354.4,PCH GPIOs,
DY46,GPP_A12/SATAXPCIE1/SATAGP1/SRCCLKREQ9B#,I,-5867.4,15205.4,PCH GPIOs,
DV51,GPP_A11,I/O,-7817.4,14354.4,PCH GPIOs,
DT51,GPP_A10/ESPI_RESET#,O,-7817.4,13503.4,PCH GPIOs,
DT44,GPP_A1/ESPI_IO1,I/O,-5217.4,13503.4,PCH GPIOs,
DP51,GPP_A0/ESPI_IO0,I/O,-7817.4,12652.4,PCH GPIOs,
EY48,GPP_S7/SNDW3_DATA/DMIC_DATA1,O,-6920,23310.4,PCH GPIOs,
EW48,GPP_S6/SNDW3_CLK/DMIC_CLK_A1,I,-6920,22660.4,PCH GPIOs,
EY50,GPP_S5/SNDW2_DATA/DMIC_CLK_B1,O,-7561,23036.5,PCH GPIOs,
EV50,GPP_S4/SNDW2_CLK/DMIC_CLK_B0,I,-7571.8,22366.5,PCH GPIOs,
FC50,GPP_S3/SNDW1_DATA/DMIC_DATA0/I2S1_RXD,I,-7440.8,24440,PCH GPIOs,
FA50,GPP_S2/SNDW1_CLK/DMIC_CKL_A0/I2S1_TXD,I,-7577.2,23750.2,PCH GPIOs,
EY53,GPP_S1/SNDW0_DATA/I2S1_SFRM,O,-8835.8,23017.5,PCH GPIOs,
EV53,GPP_S0/SNDW0_CLK/I2S1_SCLK,I,-8916,22366.5,PCH GPIOs,
EB46,GPP_R7/I2S2_RXD/DMIC_DATA1,I,-5867.4,16056.4,PCH GPIOs,
EB44,GPP_R6/I2S2_TXD/DMIC_CLK_A1,I/O,-5217.4,16056.4,PCH GPIOs,
ET53,GPP_R5/HDA_SDI1/I2S2_SFRM/DMIC_DATA0,I,-8919.8,21680.9,PCH GPIOs,
ER53,GPP_R4/HDA_RST#/I2S2_SCLK/DMIC_CLK_A0,I/O,-8919.8,21030.9,PCH GPIOs,
ER59,GPP_R3/HDA_SDI0/I2S0_RXD/HDAPROC_SDI,I/O,-11290,21331.4,PCH GPIOs,
ER57,GPP_R2/HDA_SDO/I2S0_TXD/HDAPROC_SDO,I/O,-10516.9,21211.7,PCH GPIOs,
EP60,GPP_R1/HDA_SYNC/I2S0_SFRM/DMIC_CLK_B1,I/O,-11468.8,20696.9,PCH GPIOs,
ER56,GPP_R0/HDA_BCLK/I2S0_SCLK/DMIC_CLK_B0/HDAPROC_BCLK,I/O,-9843.1,21199.5,PCH GPIOs,
EJ57,GPD9/SLP_WLAN#,O,-10517.1,18638.2,PCH GPIOs,
EJ61,GPD8/SUSCLK,O,-11940,18745,PCH GPIOs,
EK60,GPD7,O,-11538.2,19308.5,PCH GPIOs,
EM57,GPD6/SLP_A#,O,-10536.1,19996,PCH GPIOs,
EP56,GPD5/SLP_S4#,O,-10169.9,20636.9,PCH GPIOs,
EM59,GPD4/SLP_S3#,O,-11250.2,19979.8,PCH GPIOs,
EM61,GPD3/PWRBTN#,I,-11940,20116.2,PCH GPIOs,
EP58,GPD2/LAN_WAKE#,I,-10820.4,20636.9,PCH GPIOs,
EJ56,GPD11/LANPHYPC,O,-9866.1,18661,PCH GPIOs,
EG60,GPD10/SLP_S5#,O,-11458.8,18082.7,PCH GPIOs,
EJ59,GPD1/ACPRESENT,I,-11162.2,18721.4,PCH GPIOs,
EM56,GPD0/BATLOW#,I,-9866.1,20005.1,PCH GPIOs,
DV46,VSS,GND,-5867.4,14354.4,PCH Debug,
DV42,TP,N/A,-4567.4,14354.4,PCH Debug,
DT47,TP,N/A,-6517.4,13503.4,PCH Debug,
DJ9,RSVD_TP,N/A,8738.2,10892.2,Test Point,
AA9,RSVD_TP,N/A,8738.2,-16339.8,Test Point,
DW32,RSVD_TP,N/A,-411.3,14765.9,Test Point,
DW37,RSVD_TP,N/A,-2413.3,14765.9,Test Point,
AL37,RSVD_TP,N/A,-2514.1,-12301.9,Test Point,
BH14,RSVD_TP,N/A,6946.7,-5702.3,Test Point,
BF43,RSVD_TP,N/A,-4678.6,-6402.2,Test Point,
AV12,VCC_CFG_PU_OUT,O,7438.2,-9531.8,CPU Power,
DJ12,RSVD_TP,N/A,7438.2,10892.2,Test Point,
DH14,RSVD_TP,N/A,6946.7,10466.7,Test Point,
CH43,RSVD_TP,N/A,-4651.4,2578,Test Point,
EB16,RSVD_TP,N/A,6095.2,15830.9,Test Point,
DY18,RSVD_TP,N/A,5094.2,15180.9,Test Point,
DJ11,RSVD_TP,N/A,8088.2,10892.2,Test Point,
AF25,EAR#,I,2490.9,-14251.9,CPU Debug,
EE48,DSW_PWROK,I,-6917.8,17130.9,PCH Power,
EE53,DRAM_RESET#,O,-8919.8,17119.9,DDR Interface,
AC9,RSVD_TP,N/A,8738.2,-15488.8,Test Point,
R4,RSVD,N/A,10727,-18768.8,N/A,
ET14,DBG_PMODE,O,6746.7,21532.7,CPU Debug,
BG11,PROCPWRGD,I,8088.2,-6127.8,Sideband ,
DV60,PROC_POPIRCOMP,Analog,-11558.2,14327.1,CPU MISC,
DH43,RSVD_TP,N/A,-4651.4,10372.1,Test Point,
DG44,RSVD_TP,N/A,-5179,9985.1,Test Point,
R6,PROC_JTAG_TRST#,I,10038.2,-18892.8,CPU Debug,
U8,PROC_JTAG_TMS,I/O,9388.2,-18041.8,CPU Debug,
AA6,PROC_JTAG_TDO,O,10038.2,-16339.8,CPU Debug,
W8,PROC_JTAG_TDI,I,9388.2,-17190.8,CPU Debug,
N6,PROC_JTAG_TCK,I,10038.2,-19743.8,CPU Debug,
BB11,VSS,GND,8088.2,-7829.8,GND,Please See Note Tab
BE11,VSS,GND,8088.2,-6978.8,GND,Please See Note Tab
EU61,RSVD,N/A,-11940,22030,N/A,
FC40,CNV_WT_RCOMP,Analog,-3717.7,24440,PCH Interfaces,
FC46,CNV_WT_D1P,O,-6196,24440,PCH Interfaces,
FA46,CNV_WT_D1N,O,-6194.6,23662.2,PCH Interfaces,
EV43,CNV_WT_D0P,O,-4980.8,22366.5,PCH Interfaces,
EY43,CNV_WT_D0N,O,-4970,23036.5,PCH Interfaces,
EV47,CNV_WT_CLKP,O,-6275,22366.5,PCH Interfaces,
EY47,CNV_WT_CLKN,O,-6277.8,23017.5,PCH Interfaces,
EV40,CNV_WR_D1P,I,-3796.8,22366.5,PCH Interfaces,
EY40,CNV_WR_D1N,I,-3799.6,23017.5,PCH Interfaces,
EW42,CNV_WR_D0P,I,-4380,22660.4,PCH Interfaces,
EY42,CNV_WR_D0N,I,-4380,23310.4,PCH Interfaces,
FA43,CNV_WR_CLKP,I,-4986.2,23750.2,PCH Interfaces,
FC43,CNV_WR_CLKN,I,-4849.8,24440,PCH Interfaces,
DP1,CLKOUT_PCIE_P6,O,11940,12758.9,PCH GPIOs,
DU5,CLKOUT_PCIE_P5,O,10516.6,13808.9,PCH GPIOs,
DP5,CLKOUT_PCIE_P4,O,10516.6,12647.8,PCH GPIOs,
DN10,CLKOUT_PCIE_P3,O,8538.2,12597.2,PCH GPIOs,
DR4,CLKOUT_PCIE_P2,O,10810.4,13228.6,PCH GPIOs,
DU1,CLKOUT_PCIE_P1,O,11940,13890.9,PCH GPIOs,
DT10,CLKOUT_PCIE_P0,O,8538.2,13448.2,PCH GPIOs,
DP3,CLKOUT_PCIE_N6,O,11290,12758.9,PCH GPIOs,
DU6,CLKOUT_PCIE_N5,O,9866.6,13808.9,PCH GPIOs,
DP6,CLKOUT_PCIE_N4/UFS_REF_CLK,O,9866.6,12647.8,PCH GPIOs,
DN11,CLKOUT_PCIE_N3,O,7888.2,12597.2,PCH GPIOs,
DR6,CLKOUT_PCIE_N2,O,10160.4,13228.6,PCH GPIOs,
DU3,CLKOUT_PCIE_N1,O,11290,13890.9,PCH GPIOs,
DT11,CLKOUT_PCIE_N0,O,7888.2,13448.2,PCH GPIOs,
DJ3,XCLK_BIASREF,I/O,11290,10806.2,PCH GPIOs,
DL1,RSVD,N/A,11940,11456.2,N/A,
DL3,RSVD,N/A,11290,11456.2,N/A,
AF15,CATERR#,O,6494.9,-14467.9,Legacy/Sidebend,
EN21,eDP_BKLTEN,O,4093.2,20380.9,PCH Display,
EL21,eDP_BKLTCTL,O,4093.2,19730.9,PCH Display,
,DQ/DQSBallName,,,,,
,DDR4(IL)/DDR4(NIL)/DDR5(NIL)/LP4x-LP5(NIL),,,,,
N51,DDR1_DQSP[7]/DDR1_DQSP[7]/DDR3_DQSP[3]/DDR7_DQSP[1],I/O,-7986.6,-19756.1,DDR Interface,
N61,DDR1_DQSP[6]/DDR1_DQSP[6]/DDR3_DQSP[2]/DDR7_DQSP[0],I/O,-11940,-19756.1,DDR Interface,
AU51,DDR1_DQSP[5]/DDR1_DQSP[3]/DDR2_DQSP[3]/DDR5_DQSP[1],I/O,-7986.6,-9973.9,DDR Interface,
BD51,DDR1_DQSP[4]/DDR1_DQSP[2]/DDR2_DQSP[2]/DDR5_DQSP[0],I/O,-7986.6,-7376.1,DDR Interface,
BN51,DDR1_DQSP[3]/DDR0_DQSP[7]/DDR1_DQSP[3]/DDR3_DQSP[1],I/O,-7986.6,-3783.9,DDR Interface,
BW51,DDR1_DQSP[2]/DDR0_DQSP[6]/DDR1_DQSP[2]/DDR3_DQSP[0],I/O,-7986.6,-1186.1,DDR Interface,
DC51,DDR1_DQSP[1]/DDR0_DQSP[3]/DDR0_DQSP[3]/DDR1_DQSP[1],I/O,-7986.6,8596.1,DDR Interface,
DK51,DDR1_DQSP[0]/DDR0_DQSP[2]/DDR0_DQSP[2]/DDR1_DQSP[0],I/O,-7986.6,11193.9,DDR Interface,
A43,DDR0_DQSP[7]/DDR1_DQSP[5]/DDR3_DQSP[1]/DDR6_DQSP[1],I/O,-4643.2,-24440,DDR Interface,
A49,DDR0_DQSP[6]/DDR1_DQSP[4]/DDR3_DQSP[0]/DDR6_DQSP[0],I/O,-7241,-24440,DDR Interface,
AR61,DDR0_DQSP[5]/DDR1_DQSP[1]/DDR2_DQSP[1]/DDR4_DQSP[1],I/O,-11940,-10623.9,DDR Interface,
BB61,DDR0_DQSP[4]/DDR1_DQSP[0]/DDR2_DQSP[0]/DDR4_DQSP[0],I/O,-11940,-8026.1,DDR Interface,
BL61,DDR0_DQSP[3]/DDR0_DQSP[5]/DDR1_DQSP[1]/DDR2_DQSP[1],I/O,-11940,-4433.9,DDR Interface,
BU61,DDR0_DQSP[2]/DDR0_DQSP[4]/DDR1_DQSP[0]/DDR2_DQSP[0],I/O,-11940,-1836.1,DDR Interface,
DB61,DDR0_DQSP[1]/DDR0_DQSP[1]/DDR0_DQSP[1]/DDR0_DQSP[1],I/O,-11940,7946.1,DDR Interface,
DH61,DDR0_DQSP[0]/DDR0_DQSP[0]/DDR0_DQSP[0]/DDR0_DQSP[0],I/O,-11940,10543.9,DDR Interface,
L51,DDR1_DQSN[7]/DDR1_DQSN[7]/DDR3_DQSN[3]/DDR7_DQSN[1],I/O,-7986.6,-20406.1,DDR Interface,
L61,DDR1_DQSN[6]/DDR1_DQSN[6]/DDR3_DQSN[2]/DDR7_DQSN[0],I/O,-11940,-20406.1,DDR Interface,
AR51,DDR1_DQSN[5]/DDR1_DQSN[3]/DDR2_DQSN[3]/DDR5_DQSN[1],I/O,-7986.6,-10623.9,DDR Interface,
BB51,DDR1_DQSN[4]/DDR1_DQSN[2]/DDR2_DQSN[2]/DDR5_DQSN[0],I/O,-7986.6,-8026.1,DDR Interface,
BL51,DDR1_DQSN[3]/DDR0_DQSN[7]/DDR1_DQSN[3]/DDR3_DQSN[1],I/O,-7986.6,-4433.9,DDR Interface,
BU51,DDR1_DQSN[2]/DDR0_DQSN[6]/DDR1_DQSN[2]/DDR3_DQSN[0],I/O,-7986.6,-1836.1,DDR Interface,
DB51,DDR1_DQSN[1]/DDR0_DQSN[3]/DDR0_DQSN[3]/DDR1_DQSN[1],I/O,-7986.6,7946.1,DDR Interface,
DH51,DDR1_DQSN[0]/DDR0_DQSN[2]/DDR0_DQSN[2]/DDR1_DQSN[0],I/O,-7986.6,10543.9,DDR Interface,
A44,DDR0_DQSN[7]/DDR1_DQSN[5]/DDR3_DQSN[1]/DDR6_DQSN[1],I/O,-5293.2,-24440,DDR Interface,
A51,DDR0_DQSN[6]/DDR1_DQSN[4]/DDR3_DQSN[0]/DDR6_DQSN[0],I/O,-7891,-24440,DDR Interface,
AU61,DDR0_DQSN[5]/DDR1_DQSN[1]/DDR2_DQSN[1]/DDR4_DQSN[1],I/O,-11940,-9973.9,DDR Interface,
BD61,DDR0_DQSN[4]/DDR1_DQSN[0]/DDR2_DQSN[0]/DDR4_DQSN[0],I/O,-11940,-7376.1,DDR Interface,
BN61,DDR0_DQSN[3]/DDR0_DQSN[5]/DDR1_DQSN[1]/DDR2_DQSN[1],I/O,-11940,-3783.9,DDR Interface,
BW61,DDR0_DQSN[2]/DDR0_DQSN[4]/DDR1_DQSN[0]/DDR2_DQSN[0],I/O,-11940,-1186.1,DDR Interface,
DC61,DDR0_DQSN[1]/DDR0_DQSN[1]/DDR0_DQSN[1]/DDR0_DQSN[1],I/O,-11940,8596.1,DDR Interface,
DK61,DDR0_DQSN[0]/DDR0_DQSN[0]/DDR0_DQSN[0]/DDR0_DQSN[0],I/O,-11940,11193.9,DDR Interface,
K50,DDR1_DQ[7][7]/DDR1_DQ[7][7]/DDR3_DQ[3][7]/DDR7_DQ[1][7],I/O,-7496,-20979.8,DDR Interface,
F58,DDR1_DQ[7][6]/DDR1_DQ[7][6]/DDR3_DQ[3][6]/DDR7_DQ[1][6],I/O,-10661.8,-22511.8,DDR Interface,
F54,DDR1_DQ[7][5]/DDR1_DQ[7][5]/DDR3_DQ[3][5]/DDR7_DQ[1][5],I/O,-9281.8,-22391.7,DDR Interface,
L48,DDR1_DQ[7][4]/DDR1_DQ[7][4]/DDR3_DQ[3][4]/DDR7_DQ[1][4],I/O,-6997,-20406.1,DDR Interface,
H56,DDR1_DQ[7][3]/DDR1_DQ[7][3]/DDR3_DQ[3][3]/DDR7_DQ[1][3],I/O,-9850.4,-21745.5,DDR Interface,
K53,DDR1_DQ[7][2]/DDR1_DQ[7][2]/DDR3_DQ[3][2]/DDR7_DQ[1][2],I/O,-8780,-20869.2,DDR Interface,
P50,DDR1_DQ[7][1]/DDR1_DQ[7][1]/DDR3_DQ[3][1]/DDR7_DQ[1][1],I/O,-7496,-19182.4,DDR Interface,
P53,DDR1_DQ[7][0]/DDR1_DQ[7][0]/DDR3_DQ[3][0]/DDR7_DQ[1][0],I/O,-8780,-19293,DDR Interface,
L58,DDR1_DQ[6][7]/DDR1_DQ[6][7]/DDR3_DQ[2][7]/DDR7_DQ[0][7],I/O,-10932.4,-20556.6,DDR Interface,
K57,DDR1_DQ[6][6]/DDR1_DQ[6][6]/DDR3_DQ[2][6]/DDR7_DQ[0][6],I/O,-10421.2,-20959.3,DDR Interface,
L56,DDR1_DQ[6][5]/DDR1_DQ[6][5]/DDR3_DQ[2][5]/DDR7_DQ[0][5],I/O,-9886.2,-20419,DDR Interface,
K60,DDR1_DQ[6][4]/DDR1_DQ[6][4]/DDR3_DQ[2][4]/DDR7_DQ[0][4],I/O,-11439.8,-20963.1,DDR Interface,
P60,DDR1_DQ[6][3]/DDR1_DQ[6][3]/DDR3_DQ[2][3]/DDR7_DQ[0][3],I/O,-11439.8,-19199.1,DDR Interface,
N56,DDR1_DQ[6][2]/DDR1_DQ[6][2]/DDR3_DQ[2][2]/DDR7_DQ[0][2],I/O,-9886.2,-19743.2,DDR Interface,
P57,DDR1_DQ[6][1]/DDR1_DQ[6][1]/DDR3_DQ[2][1]/DDR7_DQ[0][1],I/O,-10421.2,-19202.9,DDR Interface,
N58,DDR1_DQ[6][0]/DDR1_DQ[6][0]/DDR3_DQ[2][0]/DDR7_DQ[0][0],I/O,-10932.4,-19605.6,DDR Interface,
AP50,DDR1_DQ[5][7]/DDR1_DQ[3][7]/DDR2_DQ[3][7]/DDR5_DQ[1][7],I/O,-7496,-11197.6,DDR Interface,
AP47,DDR1_DQ[5][6]/DDR1_DQ[3][6]/DDR2_DQ[3][6]/DDR5_DQ[1][6],I/O,-6433,-11251.5,DDR Interface,
AR48,DDR1_DQ[5][5]/DDR1_DQ[3][5]/DDR2_DQ[3][5]/DDR5_DQ[1][5],I/O,-6997,-10623.9,DDR Interface,
AP53,DDR1_DQ[5][4]/DDR1_DQ[3][4]/DDR2_DQ[3][4]/DDR5_DQ[1][4],I/O,-8780,-11087,DDR Interface,
AV53,DDR1_DQ[5][3]/DDR1_DQ[3][3]/DDR2_DQ[3][3]/DDR5_DQ[1][3],I/O,-8780,-9510.8,DDR Interface,
AU48,DDR1_DQ[5][2]/DDR1_DQ[3][2]/DDR2_DQ[3][2]/DDR5_DQ[1][2],I/O,-6997,-9973.9,DDR Interface,
AW47,DDR1_DQ[5][1]/DDR1_DQ[3][1]/DDR2_DQ[3][1]/DDR5_DQ[1][1],I/O,-6433,-9346.3,DDR Interface,
AV50,DDR1_DQ[5][0]/DDR1_DQ[3][0]/DDR2_DQ[3][0]/DDR5_DQ[1][0],I/O,-7496,-9400.2,DDR Interface,
BA50,DDR1_DQ[4][7]/DDR1_DQ[2][7]/DDR2_DQ[2][7]/DDR5_DQ[0][7],I/O,-7496,-8599.8,DDR Interface,
AY47,DDR1_DQ[4][6]/DDR1_DQ[2][6]/DDR2_DQ[2][6]/DDR5_DQ[0][6],I/O,-6433,-8653.7,DDR Interface,
BB48,DDR1_DQ[4][5]/DDR1_DQ[2][5]/DDR2_DQ[2][5]/DDR5_DQ[0][5],I/O,-6997,-8026.1,DDR Interface,
BA53,DDR1_DQ[4][4]/DDR1_DQ[2][4]/DDR2_DQ[2][4]/DDR5_DQ[0][4],I/O,-8780,-8489.2,DDR Interface,
BE53,DDR1_DQ[4][3]/DDR1_DQ[2][3]/DDR2_DQ[2][3]/DDR5_DQ[0][3],I/O,-8780,-6913,DDR Interface,
BD48,DDR1_DQ[4][2]/DDR1_DQ[2][2]/DDR2_DQ[2][2]/DDR5_DQ[0][2],I/O,-6997,-7376.1,DDR Interface,
BE47,DDR1_DQ[4][1]/DDR1_DQ[2][1]/DDR2_DQ[2][1]/DDR5_DQ[0][1],I/O,-6433,-6748.5,DDR Interface,
BE50,DDR1_DQ[4][0]/DDR1_DQ[2][0]/DDR2_DQ[2][0]/DDR5_DQ[0][0],I/O,-7496,-6802.4,DDR Interface,
BJ50,DDR1_DQ[3][7]/DDR0_DQ[7][7]/DDR1_DQ[3][7]/DDR3_DQ[1][7],I/O,-7496,-5007.6,DDR Interface,
BJ47,DDR1_DQ[3][6]/DDR0_DQ[7][6]/DDR1_DQ[3][6]/DDR3_DQ[1][6],I/O,-6433,-5061.5,DDR Interface,
BL48,DDR1_DQ[3][5]/DDR0_DQ[7][5]/DDR1_DQ[3][5]/DDR3_DQ[1][5],I/O,-6997,-4433.9,DDR Interface,
BK53,DDR1_DQ[3][4]/DDR0_DQ[7][4]/DDR1_DQ[3][4]/DDR3_DQ[1][4],I/O,-8780,-4897,DDR Interface,
BP53,DDR1_DQ[3][3]/DDR0_DQ[7][3]/DDR1_DQ[3][3]/DDR3_DQ[1][3],I/O,-8780,-3320.8,DDR Interface,
BN48,DDR1_DQ[3][2]/DDR0_DQ[7][2]/DDR1_DQ[3][2]/DDR3_DQ[1][2],I/O,-6997,-3783.9,DDR Interface,
BP47,DDR1_DQ[3][1]/DDR0_DQ[7][1]/DDR1_DQ[3][1]/DDR3_DQ[1][1],I/O,-6433,-3156.3,DDR Interface,
BP50,DDR1_DQ[3][0]/DDR0_DQ[7][0]/DDR1_DQ[3][0]/DDR3_DQ[1][0],I/O,-7496,-3210.2,DDR Interface,
BT50,DDR1_DQ[2][7]/DDR0_DQ[6][7]/DDR1_DQ[2][7]/DDR3_DQ[0][7],I/O,-7496,-2409.8,DDR Interface,
BT47,DDR1_DQ[2][6]/DDR0_DQ[6][6]/DDR1_DQ[2][6]/DDR3_DQ[0][6],I/O,-6433,-2463.7,DDR Interface,
BU48,DDR1_DQ[2][5]/DDR0_DQ[6][5]/DDR1_DQ[2][5]/DDR3_DQ[0][5],I/O,-6997,-1836.1,DDR Interface,
BT53,DDR1_DQ[2][4]/DDR0_DQ[6][4]/DDR1_DQ[2][4]/DDR3_DQ[0][4],I/O,-8780,-2299.2,DDR Interface,
BY53,DDR1_DQ[2][3]/DDR0_DQ[6][3]/DDR1_DQ[2][3]/DDR3_DQ[0][3],I/O,-8780,-723,DDR Interface,
BW48,DDR1_DQ[2][2]/DDR0_DQ[6][2]/DDR1_DQ[2][2]/DDR3_DQ[0][2],I/O,-6997,-1186.1,DDR Interface,
CA47,DDR1_DQ[2][1]/DDR0_DQ[6][1]/DDR1_DQ[2][1]/DDR3_DQ[0][1],I/O,-6433,-558.5,DDR Interface,
BY50,DDR1_DQ[2][0]/DDR0_DQ[6][0]/DDR1_DQ[2][0]/DDR3_DQ[0][0],I/O,-7496,-612.4,DDR Interface,
CY50,DDR1_DQ[1][7]/DDR0_DQ[3][7]/DDR0_DQ[3][7]/DDR1_DQ[1][7],I/O,-7496,7372.4,DDR Interface,
CY47,DDR1_DQ[1][6]/DDR0_DQ[3][6]/DDR0_DQ[3][6]/DDR1_DQ[1][6],I/O,-6433,7318.5,DDR Interface,
DB48,DDR1_DQ[1][5]/DDR0_DQ[3][5]/DDR0_DQ[3][5]/DDR1_DQ[1][5],I/O,-6997,7946.1,DDR Interface,
DA53,DDR1_DQ[1][4]/DDR0_DQ[3][4]/DDR0_DQ[3][4]/DDR1_DQ[1][4],I/O,-8780,7483,DDR Interface,
DE53,DDR1_DQ[1][3]/DDR0_DQ[3][3]/DDR0_DQ[3][3]/DDR1_DQ[1][3],I/O,-8780,9059.2,DDR Interface,
DC48,DDR1_DQ[1][2]/DDR0_DQ[3][2]/DDR0_DQ[3][2]/DDR1_DQ[1][2],I/O,-6997,8596.1,DDR Interface,
DE47,DDR1_DQ[1][1]/DDR0_DQ[3][1]/DDR0_DQ[3][1]/DDR1_DQ[1][1],I/O,-6433,9223.7,DDR Interface,
DE50,DDR1_DQ[1][0]/DDR0_DQ[3][0]/DDR0_DQ[3][0]/DDR1_DQ[1][0],I/O,-7496,9169.8,DDR Interface,
DG50,DDR1_DQ[0][7]/DDR0_DQ[2][7]/DDR0_DQ[2][7]/DDR1_DQ[0][7],I/O,-7496,9970.2,DDR Interface,
DG47,DDR1_DQ[0][6]/DDR0_DQ[2][6]/DDR0_DQ[2][6]/DDR1_DQ[0][6],I/O,-6433,9916.3,DDR Interface,
DH48,DDR1_DQ[0][5]/DDR0_DQ[2][5]/DDR0_DQ[2][5]/DDR1_DQ[0][5],I/O,-6997,10543.9,DDR Interface,
DG53,DDR1_DQ[0][4]/DDR0_DQ[2][4]/DDR0_DQ[2][4]/DDR1_DQ[0][4],I/O,-8780,10080.8,DDR Interface,
DL53,DDR1_DQ[0][3]/DDR0_DQ[2][3]/DDR0_DQ[2][3]/DDR1_DQ[0][3],I/O,-8780,11657,DDR Interface,
DK48,DDR1_DQ[0][2]/DDR0_DQ[2][2]/DDR0_DQ[2][2]/DDR1_DQ[0][2],I/O,-6997,11193.9,DDR Interface,
DM47,DDR1_DQ[0][1]/DDR0_DQ[2][1]/DDR0_DQ[2][1]/DDR1_DQ[0][1],I/O,-6433,11821.5,DDR Interface,
DL50,DDR1_DQ[0][0]/DDR0_DQ[2][0]/DDR0_DQ[2][0]/DDR1_DQ[0][0],I/O,-7496,11767.6,DDR Interface,
E41,DDR0_DQ[7][7]/DDR1_DQ[5][7]/DDR3_DQ[1][7]/DDR6_DQ[1][7],I/O,-4090,-22921.3,DDR Interface,
C42,DDR0_DQ[7][6]/DDR1_DQ[5][6]/DDR3_DQ[1][6]/DDR6_DQ[1][6],I/O,-4492.8,-23432.5,DDR Interface,
F43,DDR0_DQ[7][5]/DDR1_DQ[5][5]/DDR3_DQ[1][5]/DDR6_DQ[1][5],I/O,-4630.4,-22386.3,DDR Interface,
B41,DDR0_DQ[7][4]/DDR1_DQ[5][4]/DDR3_DQ[1][4]/DDR6_DQ[1][4],I/O,-4086.2,-23939.8,DDR Interface,
B46,DDR0_DQ[7][3]/DDR1_DQ[5][3]/DDR3_DQ[1][3]/DDR6_DQ[1][3],I/O,-5850.2,-23939.8,DDR Interface,
F44,DDR0_DQ[7][2]/DDR1_DQ[5][2]/DDR3_DQ[1][2]/DDR6_DQ[1][2],I/O,-5306.2,-22386.3,DDR Interface,
E46,DDR0_DQ[7][1]/DDR1_DQ[5][1]/DDR3_DQ[1][1]/DDR6_DQ[1][1],I/O,-5846.4,-22921.3,DDR Interface,
C45,DDR0_DQ[7][0]/DDR1_DQ[5][0]/DDR3_DQ[1][0]/DDR6_DQ[1][0],I/O,-5443.8,-23432.5,DDR Interface,
C49,DDR0_DQ[6][7]/DDR1_DQ[4][7]/DDR3_DQ[0][7]/DDR6_DQ[0][7],I/O,-7090.6,-23432.5,DDR Interface,
E48,DDR0_DQ[6][6]/DDR1_DQ[4][6]/DDR3_DQ[0][6]/DDR6_DQ[0][6],I/O,-6687.8,-22921.3,DDR Interface,
F49,DDR0_DQ[6][5]/DDR1_DQ[4][5]/DDR3_DQ[0][5]/DDR6_DQ[0][5],I/O,-7228.2,-22386.3,DDR Interface,
B48,DDR0_DQ[6][4]/DDR1_DQ[4][4]/DDR3_DQ[0][4]/DDR6_DQ[0][4],I/O,-6684,-23939.8,DDR Interface,
B52,DDR0_DQ[6][3]/DDR1_DQ[4][3]/DDR3_DQ[0][3]/DDR6_DQ[0][3],I/O,-8448,-23939.8,DDR Interface,
F51,DDR0_DQ[6][2]/DDR1_DQ[4][2]/DDR3_DQ[0][2]/DDR6_DQ[0][2],I/O,-7904,-22386.3,DDR Interface,
E52,DDR0_DQ[6][1]/DDR1_DQ[4][1]/DDR3_DQ[0][1]/DDR6_DQ[0][1],I/O,-8444.2,-22921.3,DDR Interface,
C51,DDR0_DQ[6][0]/DDR1_DQ[4][0]/DDR3_DQ[0][0]/DDR6_DQ[0][0],I/O,-8041.6,-23432.5,DDR Interface,
AR58,DDR0_DQ[5][7]/DDR1_DQ[1][7]/DDR2_DQ[1][7]/DDR4_DQ[1][7],I/O,-10932.4,-10774.4,DDR Interface,
AP57,DDR0_DQ[5][6]/DDR1_DQ[1][6]/DDR2_DQ[1][6]/DDR4_DQ[1][6],I/O,-10421.2,-11177.1,DDR Interface,
AR56,DDR0_DQ[5][5]/DDR1_DQ[1][5]/DDR2_DQ[1][5]/DDR4_DQ[1][5],I/O,-9886.2,-10636.8,DDR Interface,
AP60,DDR0_DQ[5][4]/DDR1_DQ[1][4]/DDR2_DQ[1][4]/DDR4_DQ[1][4],I/O,-11439.8,-11180.9,DDR Interface,
AV60,DDR0_DQ[5][3]/DDR1_DQ[1][3]/DDR2_DQ[1][3]/DDR4_DQ[1][3],I/O,-11439.8,-9416.9,DDR Interface,
AU56,DDR0_DQ[5][2]/DDR1_DQ[1][2]/DDR2_DQ[1][2]/DDR4_DQ[1][2],I/O,-9886.2,-9961,DDR Interface,
AV57,DDR0_DQ[5][1]/DDR1_DQ[1][1]/DDR2_DQ[1][1]/DDR4_DQ[1][1],I/O,-10421.2,-9420.7,DDR Interface,
AU58,DDR0_DQ[5][0]/DDR1_DQ[1][0]/DDR2_DQ[1][0]/DDR4_DQ[1][0],I/O,-10932.4,-9823.4,DDR Interface,
BB58,DDR0_DQ[4][7]/DDR1_DQ[0][7]/DDR2_DQ[0][7]/DDR4_DQ[0][7],I/O,-10932.4,-8176.6,DDR Interface,
BA57,DDR0_DQ[4][6]/DDR1_DQ[0][6]/DDR2_DQ[0][6]/DDR4_DQ[0][6],I/O,-10421.2,-8579.3,DDR Interface,
BB56,DDR0_DQ[4][5]/DDR1_DQ[0][5]/DDR2_DQ[0][5]/DDR4_DQ[0][5],I/O,-9886.2,-8039,DDR Interface,
BA60,DDR0_DQ[4][4]/DDR1_DQ[0][4]/DDR2_DQ[0][4]/DDR4_DQ[0][4],I/O,-11439.8,-8583.1,DDR Interface,
BE60,DDR0_DQ[4][3]/DDR1_DQ[0][3]/DDR2_DQ[0][3]/DDR4_DQ[0][3],I/O,-11439.8,-6819.1,DDR Interface,
BD56,DDR0_DQ[4][2]/DDR1_DQ[0][2]/DDR2_DQ[0][2]/DDR4_DQ[0][2],I/O,-9886.2,-7363.2,DDR Interface,
BE57,DDR0_DQ[4][1]/DDR1_DQ[0][1]/DDR2_DQ[0][1]/DDR4_DQ[0][1],I/O,-10421.2,-6822.9,DDR Interface,
BD58,DDR0_DQ[4][0]/DDR1_DQ[0][0]/DDR2_DQ[0][0]/DDR4_DQ[0][0],I/O,-10932.4,-7225.6,DDR Interface,
BL58,DDR0_DQ[3][7]/DDR0_DQ[5][7]/DDR1_DQ[1][7]/DDR2_DQ[1][7],I/O,-10932.4,-4584.4,DDR Interface,
BK57,DDR0_DQ[3][6]/DDR0_DQ[5][6]/DDR1_DQ[1][6]/DDR2_DQ[1][6],I/O,-10421.2,-4987.1,DDR Interface,
BL56,DDR0_DQ[3][5]/DDR0_DQ[5][5]/DDR1_DQ[1][5]/DDR2_DQ[1][5],I/O,-9886.2,-4446.8,DDR Interface,
BK60,DDR0_DQ[3][4]/DDR0_DQ[5][4]/DDR1_DQ[1][4]/DDR2_DQ[1][4],I/O,-11439.8,-4990.9,DDR Interface,
BP60,DDR0_DQ[3][3]/DDR0_DQ[5][3]/DDR1_DQ[1][3]/DDR2_DQ[1][3],I/O,-11439.8,-3226.9,DDR Interface,
BN56,DDR0_DQ[3][2]/DDR0_DQ[5][2]/DDR1_DQ[1][2]/DDR2_DQ[1][2],I/O,-9886.2,-3771,DDR Interface,
BP57,DDR0_DQ[3][1]/DDR0_DQ[5][1]/DDR1_DQ[1][1]/DDR2_DQ[1][1],I/O,-10421.2,-3230.7,DDR Interface,
BN58,DDR0_DQ[3][0]/DDR0_DQ[5][0]/DDR1_DQ[1][0]/DDR2_DQ[1][0],I/O,-10932.4,-3633.4,DDR Interface,
BU58,DDR0_DQ[2][7]/DDR0_DQ[4][7]/DDR1_DQ[0][7]/DDR2_DQ[0][7],I/O,-10932.4,-1986.6,DDR Interface,
BT57,DDR0_DQ[2][6]/DDR0_DQ[4][6]/DDR1_DQ[0][6]/DDR2_DQ[0][6],I/O,-10421.2,-2389.3,DDR Interface,
BU56,DDR0_DQ[2][5]/DDR0_DQ[4][5]/DDR1_DQ[0][5]/DDR2_DQ[0][5],I/O,-9886.2,-1849,DDR Interface,
BT60,DDR0_DQ[2][4]/DDR0_DQ[4][4]/DDR1_DQ[0][4]/DDR2_DQ[0][4],I/O,-11439.8,-2393.1,DDR Interface,
BY60,DDR0_DQ[2][3]/DDR0_DQ[4][3]/DDR1_DQ[0][3]/DDR2_DQ[0][3],I/O,-11439.8,-629.1,DDR Interface,
BW56,DDR0_DQ[2][2]/DDR0_DQ[4][2]/DDR1_DQ[0][2]/DDR2_DQ[0][2],I/O,-9886.2,-1173.2,DDR Interface,
BY57,DDR0_DQ[2][1]/DDR0_DQ[4][1]/DDR1_DQ[0][1]/DDR2_DQ[0][1],I/O,-10421.2,-632.9,DDR Interface,
BW58,DDR0_DQ[2][0]/DDR0_DQ[4][0]/DDR1_DQ[0][0]/DDR2_DQ[0][0],I/O,-10932.4,-1035.6,DDR Interface,
DA58,DDR0_DQ[1][7]/DDR0_DQ[1][7]/DDR0_DQ[1][7]/DDR0_DQ[1][7],I/O,-10932.4,7795.6,DDR Interface,
CY57,DDR0_DQ[1][6]/DDR0_DQ[1][6]/DDR0_DQ[1][6]/DDR0_DQ[1][6],I/O,-10421.2,7392.9,DDR Interface,
DB56,DDR0_DQ[1][5]/DDR0_DQ[1][5]/DDR0_DQ[1][5]/DDR0_DQ[1][5],I/O,-9886.2,7933.2,DDR Interface,
CY60,DDR0_DQ[1][4]/DDR0_DQ[1][4]/DDR0_DQ[1][4]/DDR0_DQ[1][4],I/O,-11439.8,7389.1,DDR Interface,
DE60,DDR0_DQ[1][3]/DDR0_DQ[1][3]/DDR0_DQ[1][3]/DDR0_DQ[1][3],I/O,-11439.8,9153.1,DDR Interface,
DD56,DDR0_DQ[1][2]/DDR0_DQ[1][2]/DDR0_DQ[1][2]/DDR0_DQ[1][2],I/O,-9886.2,8609,DDR Interface,
DE57,DDR0_DQ[1][1]/DDR0_DQ[1][1]/DDR0_DQ[1][1]/DDR0_DQ[1][1],I/O,-10421.2,9149.3,DDR Interface,
DD58,DDR0_DQ[1][0]/DDR0_DQ[1][0]/DDR0_DQ[1][0]/DDR0_DQ[1][0],I/O,-10932.4,8746.6,DDR Interface,
DH58,DDR0_DQ[0][7]/DDR0_DQ[0][7]/DDR0_DQ[0][7]/DDR0_DQ[0][7],I/O,-10932.4,10393.4,DDR Interface,
DG57,DDR0_DQ[0][6]/DDR0_DQ[0][6]/DDR0_DQ[0][6]/DDR0_DQ[0][6],I/O,-10421.2,9990.7,DDR Interface,
DH56,DDR0_DQ[0][5]/DDR0_DQ[0][5]/DDR0_DQ[0][5]/DDR0_DQ[0][5],I/O,-9886.2,10531,DDR Interface,
DG60,DDR0_DQ[0][4]/DDR0_DQ[0][4]/DDR0_DQ[0][4]/DDR0_DQ[0][4],I/O,-11439.8,9986.9,DDR Interface,
DL60,DDR0_DQ[0][3]/DDR0_DQ[0][3]/DDR0_DQ[0][3]/DDR0_DQ[0][3],I/O,-11439.8,11750.9,DDR Interface,
DK56,DDR0_DQ[0][2]/DDR0_DQ[0][2]/DDR0_DQ[0][2]/DDR0_DQ[0][2],I/O,-9886.2,11206.8,DDR Interface,
DL57,DDR0_DQ[0][1]/DDR0_DQ[0][1]/DDR0_DQ[0][1]/DDR0_DQ[0][1],I/O,-10421.2,11747.1,DDR Interface,
DK58,DDR0_DQ[0][0]/DDR0_DQ[0][0]/DDR0_DQ[0][0]/DDR0_DQ[0][0],I/O,-10932.4,11344.4,DDR Interface,
,CMDBallName,,,,,
,DDR4/LP4x/LP5_ascend/LP5_descend/DDR5,,,,,
Y51,NC/DDR7_CKE[1]/DDR7_WCK_N/DDR7_WCK_N/NC,O,-7986.6,-16813.9,DDR Interface,
AB51,NC/DDR7_CKE[0]/DDR7_WCK_P/DDR7_WCK_P/NC,O,-7986.6,-16163.9,DDR Interface,
T53,NC/DDR7_CA[5]/DDR7_CA[6]/DDR7_CA[0]/DDR3_CS[1],O,-8852.6,-18285,DDR Interface,
T47,NC/DDR7_CA[4]/DDR7_CA[5]/DDR7_CA[1]/DDR3_CS[0],O,-6421,-18285,DDR Interface,
W53,NC/DDR7_CA[3]/DDR7_CA[4]/DDR7_CS[1]/DDR3_CA[0],O,-8780,-17277,DDR Interface,
AA46,NC/DDR7_CA[2]/DDR7_CA[3]/DDR7_CS[0]/DDR3_CA[6],O,-6191.8,-16367.3,DDR Interface,
Y56,NC/DDR6_CS[0]/DDR6_CA[2]/DDR6_CA[2]/DDR3_CA[2],O,-9886.2,-16826.8,DDR Interface,
AB61,NC/DDR6_CLK_P/DDR6_CLK_P/DDR6_CLK_P/DDR3_CLK_P[0],O,-11940,-16163.9,DDR Interface,
Y61,NC/DDR6_CLK_N/DDR6_CLK_N/DDR6_CLK_N/DDR3_CLK_N[0],O,-11940,-16813.9,DDR Interface,
Y58,NC/DDR6_CKE[1]/DDR6_WCK_N/DDR6_WCK_N/NC,O,-10932.4,-16964.4,DDR Interface,
W57,NC/DDR6_CKE[0]/DDR6_WCK_P/DDR6_WCK_P/NC,O,-10421.2,-17367.1,DDR Interface,
AG49,NC/DDR5_CLK_P/DDR5_CLK_P/DDR5_CLK_P/DDR2_CLK_P[1],O,-7371.4,-14040.4,DDR Interface,
AG48,NC/DDR5_CLK_N/DDR5_CLK_N/DDR5_CLK_N/DDR2_CLK_N[1],O,-6726,-14118.6,DDR Interface,
AJ51,NC/DDR5_CKE[1]/DDR5_WCK_N/DDR5_WCK_N/NC,O,-7986.6,-13221.7,DDR Interface,
AL51,NC/DDR5_CKE[0]/DDR5_WCK_P/DDR5_WCK_P/NC,O,-7986.6,-12571.7,DDR Interface,
AH57,NC/DDR4_CKE[1]/DDR4_WCK_N/DDR4_WCK_N/NC,O,-10421.2,-13774.9,DDR Interface,
AJ58,NC/DDR4_CKE[0]/DDR4_WCK_P/DDR4_WCK_P/NC,O,-10932.4,-13372.2,DDR Interface,
AL56,NC/DDR4_CA[1]/DDR4_CA[1]/DDR4_CA[5]/DDR2_CA[1],O,-9886.2,-12558.8,DDR Interface,
AL58,NC/DDR4_CA[0]/DDR4_CA[0]/DDR4_CA[6]/DDR2_CA[0],O,-10932.4,-12421.2,DDR Interface,
CH51,NC/DDR3_CKE[1]/DDR3_WCK_N/DDR3_WCK_N/NC,O,-7986.6,2406.1,DDR Interface,
CF51,NC/DDR3_CKE[0]/DDR3_WCK_P/DDR3_WCK_P/NC,O,-7986.6,1756.1,DDR Interface,
CC53,NC/DDR3_CA[5]/DDR3_CA[6]/DDR3_CA[0]/DDR1_CS[1],O,-8852.6,285,DDR Interface,
CC47,NC/DDR3_CA[4]/DDR3_CA[5]/DDR3_CA[1]/DDR1_CS[0],O,-6421,285,DDR Interface,
CE53,NC/DDR3_CA[3]/DDR3_CA[4]/DDR3_CS[1]/DDR1_CA[0],O,-8780,1293,DDR Interface,
CH46,NC/DDR3_CA[2]/DDR3_CA[3]/DDR3_CS[0]/DDR1_CA[6],O,-6191.8,2202.7,DDR Interface,
CF56,NC/DDR2_CS[0]/DDR2_CA[2]/DDR2_CA[2]/DDR1_CA[2],O,-9886.2,1743.2,DDR Interface,
CH61,NC/DDR2_CLK_P/DDR2_CLK_P/DDR2_CLK_P/DDR1_CLK_P[0],O,-11940,2406.1,DDR Interface,
CF61,NC/DDR2_CLK_N/DDR2_CLK_N/DDR2_CLK_N/DDR1_CLK_N[0],O,-11940,1756.1,DDR Interface,
CF58,NC/DDR2_CKE[1]/DDR2_WCK_N/DDR2_WCK_N/NC,O,-10932.4,1605.6,DDR Interface,
CE57,NC/DDR2_CKE[0]/DDR2_WCK_P/DDR2_WCK_P/NC,O,-10421.2,1202.9,DDR Interface,
CN49,NC/DDR1_CLK_P/DDR1_CLK_P/DDR1_CLK_P/DDR0_CLK_P[1],O,-7371.4,4529.6,DDR Interface,
CN48,NC/DDR1_CLK_N/DDR1_CLK_N/DDR1_CLK_N/DDR0_CLK_N[1],O,-6726,4451.4,DDR Interface,
CU51,NC/DDR1_CKE[1]/DDR1_WCK_N/DDR1_WCK_N/NC,O,-7986.6,5998.3,DDR Interface,
CR51,NC/DDR1_CKE[0]/DDR1_WCK_P/DDR1_WCK_P/NC,O,-7986.6,5348.3,DDR Interface,
CP57,NC/DDR0_CKE[1]/DDR0_WCK_N/DDR0_WCK_N/NC,O,-10421.2,4795.1,DDR Interface,
CR58,NC/DDR0_CKE[0]/DDR0_WCK_P/DDR0_WCK_P/NC,O,-10932.4,5197.8,DDR Interface,
CU58,NC/DDR0_CA[1]/DDR0_CA[1]/DDR0_CA[5]/DDR0_CA[0],O,-10932.4,6148.8,DDR Interface,
CU56,NC/DDR0_CA[0]/DDR0_CA[0]/DDR0_CA[6]/DDR0_CA[1],O,-9886.2,6011.2,DDR Interface,
AA48,DDR1_PAR/DDR7_CS[1]/DDR7_CS[0]/DDR7_CA[3]/DDR3_CA[3],O,-6882.8,-16291.6,DDR Interface,
AM53,DDR1_ODT[1]/DDR5_CA[0]/DDR5_CA[0]/DDR5_CA[6]/DDR2_CA[3],O,-8780,-12108.6,DDR Interface,
AE50,DDR1_ODT[0]/DDR5_CS[0]/DDR5_CA[2]/DDR5_CA[2]/DDR2_CA[6],O,-7552.6,-14692.8,DDR Interface,
AC60,DDR1_MA[9]/DDR6_CA[0]/DDR6_CA[0]/DDR6_CA[6]/DDR3_CA[11],O,-11439.8,-15606.9,DDR Interface,
AH60,DDR1_MA[8]/DDR4_CA[2]/DDR4_CA[3]/DDR4_CS[0]/DDR2_CA[9],O,-11439.8,-13778.7,DDR Interface,
AE55,DDR1_MA[7]/DDR4_CA[4]/DDR4_CA[5]/DDR4_CA[1]/NC,O,-9799.6,-14841.2,DDR Interface,
AF57,DDR1_MA[6]/DDR4_CA[3]/DDR4_CA[4]/DDR4_CS[1]/NC,O,-10398.8,-14588.1,DDR Interface,
AE60,DDR1_MA[5]/DDR4_CA[5]/DDR4_CA[6]/DDR4_CA[0]/NC,O,-11451.4,-14625.2,DDR Interface,
AJ56,DDR1_MA[4]/DDR4_CS[0]/DDR4_CA[2]/DDR4_CA[2]/DDR2_CA[12],O,-9886.2,-13234.6,DDR Interface,
AM57,DDR1_MA[3]/DDR4_CS[1]/DDR4_CS[0]/DDR4_CA[3]/DDR2_CS[1],O,-10421.2,-12018.5,DDR Interface,
T50,DDR1_MA[2]/DDR7_CS[0]/DDR7_CA[2]/DDR7_CA[2]/DDR3_CA[1],O,-7552.6,-18285,DDR Interface,
AE53,DDR1_MA[16]/DDR5_CA[4]/DDR5_CA[5]/DDR5_CA[1]/DDR2_CA[8],O,-8852.6,-14692.8,DDR Interface,
AK46,DDR1_MA[15]/DDR5_CA[3]/DDR5_CA[4]/DDR5_CS[1]/DDR2_CA[7],O,-6191.8,-12775.1,DDR Interface,
AH53,DDR1_MA[14]/DDR5_CA[2]/DDR5_CA[3]/DDR5_CS[0]/DDR2_CA[11],O,-8780,-13684.8,DDR Interface,
AK48,DDR1_MA[13]/DDR5_CS[1]/DDR5_CS[0]/DDR5_CA[3]/DDR2_CA[5],O,-6882.8,-12699.4,DDR Interface,
AB58,DDR1_MA[12]/DDR6_CA[1]/DDR6_CA[1]/DDR6_CA[5]/DDR3_CA[7],O,-10932.4,-16013.4,DDR Interface,
AB56,DDR1_MA[11]/NC/DDR6_CS[1]/DDR6_CA[4]/DDR3_CA[12],O,-9886.2,-16151,DDR Interface,
AC47,DDR1_MA[10]/DDR7_CA[1]/DDR7_CA[1]/DDR7_CA[5]/DDR3_CA[8],O,-6433,-15536.3,DDR Interface,
AM60,DDR1_MA[1]/NC/DDR4_CS[1]/DDR4_CA[4]/DDR2_CS[0],O,-11439.8,-12014.7,DDR Interface,
AC50,DDR1_MA[0]/NC/DDR7_CS[1]/DDR7_CA[4]/DDR3_CA[5],O,-7496,-15590.2,DDR Interface,
AM47,DDR1_CS[1]/DDR5_CA[1]/DDR5_CA[1]/DDR5_CA[5]/DDR2_CA[2],O,-6433,-11944.1,DDR Interface,
AM50,DDR1_CS[0]/NC/DDR5_CS[1]/DDR5_CA[4]/DDR2_CA[4],O,-7496,-11998,DDR Interface,
V48,DDR1_CLK_P[1]/DDR7_CLK_P/DDR7_CLK_P/DDR7_CLK_P/DDR3_CLK_P[1],O,-6726,-17710.8,DDR Interface,
AL61,DDR1_CLK_P[0]/DDR4_CLK_P/DDR4_CLK_P/DDR4_CLK_P/DDR2_CLK_P[0],O,-11940,-12571.7,DDR Interface,
V49,DDR1_CLK_N[1]/DDR7_CLK_N/DDR7_CLK_N/DDR7_CLK_N/DDR3_CLK_N[1],O,-7371.4,-17632.6,DDR Interface,
AJ61,DDR1_CLK_N[0]/DDR4_CLK_N/DDR4_CLK_N/DDR4_CLK_N/DDR2_CLK_N[0],O,-11940,-13221.7,DDR Interface,
T60,DDR1_CKE[1]/DDR6_CA[4]/DDR6_CA[5]/DDR6_CA[1]/NC,O,-11451.4,-18217.4,DDR Interface,
T55,DDR1_CKE[0]/DDR6_CA[5]/DDR6_CA[6]/DDR6_CA[0]/NC,O,-9799.6,-18433.4,DDR Interface,
U57,DDR1_BG[1]/DDR6_CA[2]/DDR6_CA[3]/DDR6_CS[0]/NC,O,-10398.8,-18180.3,DDR Interface,
W60,DDR1_BG[0]/DDR6_CA[3]/DDR6_CA[4]/DDR6_CS[1]/DDR3_CA[4],O,-11439.8,-17370.9,DDR Interface,
AE47,DDR1_BA[1]/DDR5_CA[5]/DDR5_CA[6]/DDR5_CA[0]/DDR2_CA[10],O,-6421,-14692.8,DDR Interface,
AC53,DDR1_BA[0]/DDR7_CA[0]/DDR7_CA[0]/DDR7_CA[6]/DDR3_CA[10],O,-8780,-15700.8,DDR Interface,
AC57,DDR1_ACT#/DDR6_CS[1]/DDR6_CS[0]/DDR6_CA[3]/DDR3_CA[9],O,-10421.2,-15610.7,DDR Interface,
CH48,DDR0_PAR/DDR3_CS[1]/DDR3_CS[0]/DDR3_CA[3]/DDR1_CA[3],O,-6882.8,2278.4,DDR Interface,
CV53,DDR0_ODT[1]/DDR1_CA[0]/DDR1_CA[0]/DDR1_CA[6]/DDR0_CA[3],O,-8780,6461.4,DDR Interface,
CM50,DDR0_ODT[0]/DDR1_CS[0]/DDR1_CA[2]/DDR1_CA[2]/DDR0_CA[6],O,-7552.6,3877.2,DDR Interface,
CH58,DDR0_MA[9]/DDR2_CA[0]/DDR2_CA[0]/DDR2_CA[6]/DDR1_CA[7],O,-10932.4,2556.6,DDR Interface,
CP60,DDR0_MA[8]/DDR0_CA[2]/DDR0_CA[3]/DDR0_CS[0]/DDR0_CA[9],O,-11439.8,4791.3,DDR Interface,
CL55,DDR0_MA[7]/DDR0_CA[4]/DDR0_CA[5]/DDR0_CA[1]/NC,O,-9799.6,3728.8,DDR Interface,
CM57,DDR0_MA[6]/DDR0_CA[3]/DDR0_CA[4]/DDR0_CS[1]/NC,O,-10398.8,3981.9,DDR Interface,
CM60,DDR0_MA[5]/DDR0_CA[5]/DDR0_CA[6]/DDR0_CA[0]/NC,O,-11451.4,3944.8,DDR Interface,
CR56,DDR0_MA[4]/DDR0_CS[0]/DDR0_CA[2]/DDR0_CA[2]/DDR0_CA[12],O,-9886.2,5335.4,DDR Interface,
CV60,DDR0_MA[3]/DDR0_CS[1]/DDR0_CS[0]/DDR0_CA[3]/DDR0_CS[1],O,-11439.8,6555.3,DDR Interface,
CC50,DDR0_MA[2]/DDR3_CS[0]/DDR3_CA[2]/DDR3_CA[2]/DDR1_CA[1],O,-7552.6,285,DDR Interface,
CM53,DDR0_MA[16]/DDR1_CA[4]/DDR1_CA[5]/DDR1_CA[1]/DDR0_CA[8],O,-8852.6,3877.2,DDR Interface,
CT46,DDR0_MA[15]/DDR1_CA[3]/DDR1_CA[4]/DDR1_CS[1]/DDR0_CA[7],O,-6191.8,5794.9,DDR Interface,
CP53,DDR0_MA[14]/DDR1_CA[2]/DDR1_CA[3]/DDR1_CS[0]/DDR0_CA[11],O,-8780,4885.2,DDR Interface,
CU48,DDR0_MA[13]/DDR1_CS[1]/DDR1_CS[0]/DDR1_CA[3]/DDR0_CA[5],O,-6882.8,5870.6,DDR Interface,
CH56,DDR0_MA[12]/DDR2_CA[1]/DDR2_CA[1]/DDR2_CA[5]/DDR1_CA[12],O,-9886.2,2419,DDR Interface,
CJ60,DDR0_MA[11]/NC/DDR2_CS[1]/DDR2_CA[4]/DDR1_CA[11],O,-11439.8,2963.1,DDR Interface,
CK47,DDR0_MA[10]/DDR3_CA[1]/DDR3_CA[1]/DDR3_CA[5]/DDR1_CA[8],O,-6433,3033.7,DDR Interface,
CV57,DDR0_MA[1]/NC/DDR0_CS[1]/DDR0_CA[4]/DDR0_CS[0],O,-10421.2,6551.5,DDR Interface,
CJ50,DDR0_MA[0]/NC/DDR3_CS[1]/DDR3_CA[4]/DDR1_CA[5],O,-7496,2979.8,DDR Interface,
CW47,DDR0_CS[1]/DDR1_CA[1]/DDR1_CA[1]/DDR1_CA[5]/DDR0_CA[2],O,-6433,6625.9,DDR Interface,
CV50,DDR0_CS[0]/NC/DDR1_CS[1]/DDR1_CA[4]/DDR0_CA[4],O,-7496,6572,DDR Interface,
CD49,DDR0_CLK_P[1]/DDR3_CLK_P/DDR3_CLK_P/DDR3_CLK_P/DDR1_CLK_P[1],O,-7371.4,937.4,DDR Interface,
CU61,DDR0_CLK_P[0]/DDR0_CLK_P/DDR0_CLK_P/DDR0_CLK_P/DDR0_CLK_P[0],O,-11940,5998.3,DDR Interface,
CD48,DDR0_CLK_N[1]/DDR3_CLK_N/DDR3_CLK_N/DDR3_CLK_N/DDR1_CLK_N[1],O,-6726,859.2,DDR Interface,
CR61,DDR0_CLK_N[0]/DDR0_CLK_N/DDR0_CLK_N/DDR0_CLK_N/DDR0_CLK_N[0],O,-11940,5348.3,DDR Interface,
CB55,DDR0_CKE[1]/DDR2_CA[4]/DDR2_CA[5]/DDR2_CA[1]/NC,O,-9799.6,136.6,DDR Interface,
CC60,DDR0_CKE[0]/DDR2_CA[5]/DDR2_CA[6]/DDR2_CA[0]/NC,O,-11451.4,352.6,DDR Interface,
CE60,DDR0_BG[1]/DDR2_CA[2]/DDR2_CA[3]/DDR2_CS[0]/DDR1_CA[4],O,-11439.8,1199.1,DDR Interface,
CC57,DDR0_BG[0]/DDR2_CA[3]/DDR2_CA[4]/DDR2_CS[1]/NC,O,-10398.8,389.7,DDR Interface,
CM47,DDR0_BA[1]/DDR1_CA[5]/DDR1_CA[6]/DDR1_CA[0]/DDR0_CA[10],O,-6421,3877.2,DDR Interface,
CJ53,DDR0_BA[0]/DDR3_CA[0]/DDR3_CA[0]/DDR3_CA[6]/DDR1_CA[10],O,-8780,2869.2,DDR Interface,
CJ57,DDR0_ACT#/DDR2_CS[1]/DDR2_CS[0]/DDR2_CA[3]/DDR1_CA[9],O,-10421.2,2959.3,DDR Interface,
,DDR4/DDR5BallName,,,,,
BG57,DDR1_ALERT#,I,-10398.8,-5800.3,DDR Interface,
BF61,DDR0_ALERT#,I,-11940,-6402.2,DDR Interface,
,DDR4BallName,,,,,
BG55,DDR1_VREF_CA0,O,-9799.6,-6053.4,DDR Interface,
BG60,DDR0_VREF_CA0,O,-11451.4,-5837.4,DDR Interface,
BG50,DDR_VTT_CTL,O,-7552.6,-5905,DDR Interface,
,MISCBallName,,,,,
D61,RSVD_TP,N/A,-11940,-23330,Test Point,
A58,RSVD_TP,N/A,-10830,-24440,Test Point,
B59,RSVD_TP,N/A,-11311.8,-23812,Test Point,
A56,DDR_COMP,Analog,-10180,-24440,DDR Interface,
B56,DDR_COMP,Analog,-10011.8,-23811.9,DDR Interface,
VSS
A3,VSS,GND,11144,-24440,Power,
A10,VSS,GND,8543.4,-24440,Power,
A21,VSS,GND,3850,-24440,Power,
A23,VSS,GND,3144.4,-24440,Power,
A25,VSS,GND,2494.4,-24440,Power,
A26,VSS,GND,1844.4,-24440,Power,
A28,VSS,GND,1194.4,-24440,Power,
A30,VSS,GND,544.4,-24440,Power,
A31,VSS,GND,-105.6,-24440,Power,
A33,VSS,GND,-755.6,-24440,Power,
A40,VSS,GND,-3669.4,-24440,Power,
A47,VSS,GND,-6267.2,-24440,Power,
A53,VSS,GND,-8880,-24440,Power,
A60,VSS,GND,-11480,-24440,Power,
B4,VSS,GND,10662,-23812,Power,
B34,VSS,GND,-1398.6,-24115,Power,
B43,VSS,GND,-4968.2,-23877,Power,
B50,VSS,GND,-7566,-23877,Power,
B58,VSS,GND,-10661.8,-23812,Power,
B61,VSS,GND,-11940,-23980.5,Power,
C1,VSS,GND,11940,-23643.8,Power,
C9,VSS,GND,8611.8,-23792.9,Power,
C21,VSS,GND,3850,-23790,Power,
C25,VSS,GND,2494.4,-23790,Power,
C28,VSS,GND,1194.4,-23790,Power,
C31,VSS,GND,-105.6,-23790,Power,
C34,VSS,GND,-1398.6,-23465,Power,
C40,VSS,GND,-3669.4,-23419.7,Power,
C47,VSS,GND,-6267.2,-23419.7,Power,
D4,VSS,GND,10662,-23137,Power,
D9,VSS,GND,8611.8,-23117.9,Power,
D11,VSS,GND,7893.4,-23140,Power,
D14,VSS,GND,6762.4,-23140,Power,
D17,VSS,GND,5631.5,-23140,Power,
D20,VSS,GND,4500.5,-23140,Power,
D21,VSS,GND,3850,-23140,Power,
D25,VSS,GND,2494.4,-23140,Power,
D28,VSS,GND,1194.4,-23140,Power,
D31,VSS,GND,-105.6,-23140,Power,
D53,VSS,GND,-8998.6,-23261.1,Power,
D56,VSS,GND,-10011.8,-23161.9,Power,
D58,VSS,GND,-10662,-23162,Power,
D59,VSS,GND,-11312,-23162,Power,
E43,VSS,GND,-4968.2,-22942,Power,
E50,VSS,GND,-7566,-22942,Power,
F4,VSS,GND,10662,-22437,Power,
F9,VSS,GND,8611.8,-22417.9,Power,
F21,VSS,GND,3850,-22490,Power,
F23,VSS,GND,3144.4,-22490,Power,
F26,VSS,GND,1844.4,-22490,Power,
F28,VSS,GND,1194.4,-22490,Power,
F30,VSS,GND,544.4,-22490,Power,
F33,VSS,GND,-755.6,-22490,Power,
F40,VSS,GND,-3774.3,-22345.7,Power,
F46,VSS,GND,-5942.2,-22250.1,Power,
F47,VSS,GND,-6592.2,-22250.1,Power,
F52,VSS,GND,-8540,-22250.1,Power,
F56,VSS,GND,-9931.8,-22391.7,Power,
F59,VSS,GND,-11311.8,-22511.8,Power,
G21,VSS,GND,3850,-21840,Power,
G25,VSS,GND,2494.4,-21840,Power,
G28,VSS,GND,1194.4,-21840,Power,
G31,VSS,GND,-105.6,-21840,Power,
G34,VSS,GND,-1398.6,-22165,Power,
G42,VSS,GND,-4292.6,-21830.6,Power,
G43,VSS,GND,-4968.2,-21830.6,Power,
G50,VSS,GND,-7566,-21830.6,Power,
H1,VSS,GND,11940,-21693.8,Power,
H6,VSS,GND,9964.8,-21585.9,Power,
H8,VSS,GND,9314.8,-21585.9,Power,
H9,VSS,GND,8664.8,-21585.9,Power,
H13,VSS,GND,7327.9,-21515,Power,
H16,VSS,GND,6196.9,-21515,Power,
H18,VSS,GND,5066,-21515,Power,
H34,VSS,GND,-1398.6,-21515,Power,
H37,VSS,GND,-2570.5,-21515,Power,
H52,VSS,GND,-8202.1,-21690.6,Power,
H58,VSS,GND,-10753.8,-21519,Power,
J11,VSS,GND,7893.4,-21190,Power,
J14,VSS,GND,6762.4,-21190,Power,
J17,VSS,GND,5631.5,-21190,Power,
J20,VSS,GND,4500.5,-21190,Power,
J21,VSS,GND,3850,-21190,Power,
J25,VSS,GND,2494.4,-21190,Power,
J28,VSS,GND,1194.4,-21190,Power,
J31,VSS,GND,-105.6,-21190,Power,
J36,VSS,GND,-1809.1,-21003,Power,
J39,VSS,GND,-3109.1,-21003,Power,
J47,VSS,GND,-6433,-21033.7,Power,
J48,VSS,GND,-6983.6,-21380,Power,
J51,VSS,GND,-8152.8,-21039.9,Power,
J55,VSS,GND,-9750,-21055,Power,
K4,VSS,GND,10727,-20718.8,Power,
L9,VSS,GND,8738.2,-20594.8,Power,
L12,VSS,GND,7665.9,-20440,Power,
L13,VSS,GND,7015.9,-20440,Power,
L15,VSS,GND,6365.9,-20440,Power,
L17,VSS,GND,5705.9,-20440,Power,
L18,VSS,GND,5055.9,-20440,Power,
L20,VSS,GND,4405.9,-20440,Power,
L22,VSS,GND,3745.9,-20440,Power,
L23,VSS,GND,3095.9,-20440,Power,
L27,VSS,GND,1785.9,-20440,Power,
L30,VSS,GND,485.9,-20440,Power,
L33,VSS,GND,-824.1,-20440,Power,
L35,VSS,GND,-1474.1,-20440,Power,
L36,VSS,GND,-2134.1,-20440,Power,
L38,VSS,GND,-2784.1,-20440,Power,
L40,VSS,GND,-3434.1,-20440,Power,
L54,VSS,GND,-9236.2,-20406.1,Power,
M16,VSS,GND,6035.9,-19877,Power,
M21,VSS,GND,4075.9,-19877,Power,
M26,VSS,GND,2115.9,-19877,Power,
M31,VSS,GND,155.9,-19877,Power,
M32,VSS,GND,-499.1,-19877,Power,
M34,VSS,GND,-1149.1,-19877,Power,
M36,VSS,GND,-1804.1,-19877,Power,
M47,VSS,GND,-6428,-20081.1,Power,
M57,VSS,GND,-10442,-20081.1,Power,
M59,VSS,GND,-11377,-20081.1,Power,
N1,VSS,GND,11940,-19743.8,Power,
N4,VSS,GND,10727,-19418.8,Power,
N9,VSS,GND,8738.2,-19743.8,Power,
N40,VSS,GND,-3560.4,-19409,Power,
N41,VSS,GND,-4123.4,-19734,Power,
N48,VSS,GND,-6997,-19756.1,Power,
N54,VSS,GND,-9236.2,-19756.1,Power,
P3,VSS,GND,11290,-19093.8,Power,
P11,VSS,GND,8032.9,-19126.9,Power,
P16,VSS,GND,6072.9,-19126.9,Power,
P21,VSS,GND,4112.9,-19126.9,Power,
P26,VSS,GND,2152.9,-19126.9,Power,
P31,VSS,GND,192.9,-19126.9,Power,
P35,VSS,GND,-1767.1,-19126.9,Power,
P47,VSS,GND,-6433,-19128.5,Power,
P51,VSS,GND,-8152.8,-19122.3,Power,
P55,VSS,GND,-9750,-19107.2,Power,
R12,VSS,GND,7469.4,-18801.9,Power,
R17,VSS,GND,5509.4,-18801.9,Power,
R22,VSS,GND,3549.4,-18801.9,Power,
R27,VSS,GND,1589.4,-18801.9,Power,
R32,VSS,GND,-370.6,-18801.9,Power,
R37,VSS,GND,-2330.6,-18801.9,Power,
R44,VSS,GND,-5301.3,-18668.9,Power,
R48,VSS,GND,-6983.6,-18782.2,Power,
R58,VSS,GND,-10919.6,-18782.2,Power,
T1,VSS,GND,11940,-18443.8,Power,
T3,VSS,GND,11290,-18443.8,Power,
T11,VSS,GND,8032.9,-18476.9,Power,
T16,VSS,GND,6072.9,-18476.9,Power,
T21,VSS,GND,4112.9,-18476.9,Power,
T26,VSS,GND,2152.9,-18476.9,Power,
T31,VSS,GND,192.9,-18476.9,Power,
T35,VSS,GND,-1767.1,-18476.9,Power,
T40,VSS,GND,-3473.4,-18371,Power,
T52,VSS,GND,-8202.6,-18285,Power,
U16,VSS,GND,6072.9,-17826.9,Power,
U21,VSS,GND,4112.9,-17826.9,Power,
U26,VSS,GND,2152.9,-17826.9,Power,
U31,VSS,GND,192.9,-17826.9,Power,
U35,VSS,GND,-1767.1,-17826.9,Power,
U44,VSS,GND,-5179,-18022.7,Power,
U46,VSS,GND,-5892,-17804.8,Power,
V3,VSS,GND,11290,-17793.8,Power,
V40,VSS,GND,-3473.4,-17498.8,Power,
V41,VSS,GND,-4123.4,-17784,Power,
V51,VSS,GND,-8152.8,-17447.7,Power,
V55,VSS,GND,-9750,-17462.8,Power,
V58,VSS,GND,-10919.6,-17787.8,Power,
W1,VSS,GND,11940,-17143.8,Power,
W11,VSS,GND,8032.9,-17176.9,Power,
W16,VSS,GND,6072.9,-17176.9,Power,
W21,VSS,GND,4112.9,-17176.9,Power,
W26,VSS,GND,2152.9,-17176.9,Power,
W31,VSS,GND,192.9,-17176.9,Power,
W35,VSS,GND,-1767.1,-17176.9,Power,
W44,VSS,GND,-5179,-17372.7,Power,
Y4,VSS,GND,10727,-16818.8,Power,
Y12,VSS,GND,7469.4,-16851.9,Power,
Y17,VSS,GND,5509.4,-16851.9,Power,
Y22,VSS,GND,3549.4,-16851.9,Power,
Y27,VSS,GND,1589.4,-16851.9,Power,
Y32,VSS,GND,-370.6,-16851.9,Power,
Y37,VSS,GND,-2330.6,-16851.9,Power,
Y45,VSS,GND,-5596.8,-16872.3,Power,
Y47,VSS,GND,-6592.4,-16879.2,Power,
Y49,VSS,GND,-7331.4,-16786.1,Power,
Y54,VSS,GND,-9236.2,-16813.9,Power,
AA11,VSS,GND,8032.9,-16526.9,Power,
AA21,VSS,GND,4112.9,-16526.9,Power,
AA26,VSS,GND,2152.9,-16526.9,Power,
AA31,VSS,GND,192.9,-16526.9,Power,
AA35,VSS,GND,-1767.1,-16526.9,Power,
AA40,VSS,GND,-3473.4,-16421,Power,
AA44,VSS,GND,-5071,-16488.9,Power,
AA57,VSS,GND,-10442,-16488.9,Power,
AA59,VSS,GND,-11377,-16488.9,Power,
AB16,VSS,GND,6072.9,-15876.9,Power,
AB21,VSS,GND,4112.9,-15876.9,Power,
AB26,VSS,GND,2152.9,-15876.9,Power,
AB31,VSS,GND,192.9,-15876.9,Power,
AB35,VSS,GND,-1767.1,-15876.9,Power,
AB54,VSS,GND,-9236.2,-16163.9,Power,
AC4,VSS,GND,10727,-15518.8,Power,
AC6,VSS,GND,10038.2,-15488.8,Power,
AC8,VSS,GND,9388.2,-15488.8,Power,
AC40,VSS,GND,-3529,-15565,Power,
AC44,VSS,GND,-5179,-15605.1,Power,
AC51,VSS,GND,-8152.8,-15530.1,Power,
AC55,VSS,GND,-9750,-15515,Power,
AD21,VSS,GND,4112.9,-15226.9,Power,
AD26,VSS,GND,2152.9,-15226.9,Power,
AD31,VSS,GND,192.9,-15226.9,Power,
AD35,VSS,GND,-1767.1,-15226.9,Power,
AD46,VSS,GND,-5882.2,-15190,Power,
AD48,VSS,GND,-6983.6,-15190,Power,
AD58,VSS,GND,-10919.6,-15190,Power,
AE9,VSS,GND,8738.2,-14637.8,Power,
AE12,VSS,GND,7469.4,-14901.9,Power,
AE17,VSS,GND,5509.4,-14901.9,Power,
AE22,VSS,GND,3549.4,-14901.9,Power,
AE27,VSS,GND,1589.4,-14901.9,Power,
AE32,VSS,GND,-370.6,-14901.9,Power,
AE37,VSS,GND,-2330.6,-14901.9,Power,
AE40,VSS,GND,-3529,-14915,Power,
AE44,VSS,GND,-5102.8,-14692.8,Power,
AE52,VSS,GND,-8202.6,-14692.8,Power,
AF4,VSS,GND,10727,-14218.8,Power,
AF46,VSS,GND,-5892,-14212.6,Power,
AG1,VSS,GND,11940,-13893.8,Power,
AG51,VSS,GND,-8152.8,-13855.5,Power,
AG55,VSS,GND,-9750,-13870.6,Power,
AG58,VSS,GND,-10919.6,-14195.6,Power,
AH9,VSS,GND,8738.2,-13786.8,Power,
AJ3,VSS,GND,11290,-13243.8,Power,
AJ41,VSS,GND,-4123.4,-13234,Power,
AJ47,VSS,GND,-6592.4,-13287,Power,
AJ49,VSS,GND,-7331.4,-13193.9,Power,
AJ54,VSS,GND,-9236.2,-13221.7,Power,
AK4,VSS,GND,10727,-12918.8,Power,
AK9,VSS,GND,8738.2,-12935.8,Power,
AK20,VSS,GND,4492.9,-12951.9,Power,
AK25,VSS,GND,2490.9,-12951.9,Power,
AK30,VSS,GND,488.9,-12951.9,Power,
AK37,VSS,GND,-2514.1,-12951.9,Power,
AK57,VSS,GND,-10442,-12896.7,Power,
AK59,VSS,GND,-11377,-12896.7,Power,
AL4,VSS,GND,10727,-12268.8,Power,
AL15,VSS,GND,6494.9,-12517.9,Power,
AL17,VSS,GND,5493.9,-12301.9,Power,
AL22,VSS,GND,3491.9,-12301.9,Power,
AL41,VSS,GND,-4123.4,-12584,Power,
AL54,VSS,GND,-9236.2,-12571.7,Power,
AM3,VSS,GND,11290,-11943.8,Power,
AM9,VSS,GND,8738.2,-12084.8,Power,
AM11,VSS,GND,8113.8,-11884.9,Power,
AM51,VSS,GND,-8152.8,-11937.9,Power,
AM55,VSS,GND,-9750,-11922.8,Power,
AN17,VSS,GND,5493.9,-11651.9,Power,
AN40,VSS,GND,-3512.1,-11651.9,Power,
AN46,VSS,GND,-5882.2,-11597.8,Power,
AN48,VSS,GND,-6983.6,-11597.8,Power,
AN58,VSS,GND,-10919.6,-11597.8,Power,
AP1,VSS,GND,11940,-11293.8,Power,
AP9,VSS,GND,8738.2,-11233.8,Power,
AP15,VSS,GND,6439.9,-11217.9,Power,
AP20,VSS,GND,4492.9,-11001.9,Power,
AP22,VSS,GND,3491.9,-11001.9,Power,
AP25,VSS,GND,2490.9,-11001.9,Power,
AP35,VSS,GND,-1513.1,-11001.9,Power,
AP51,VSS,GND,-8152.8,-11257.7,Power,
AP55,VSS,GND,-9750,-11272.8,Power,
AR4,VSS,GND,10727,-10968.8,Power,
AR54,VSS,GND,-9236.2,-10623.9,Power,
AT6,VSS,GND,10038.2,-10382.8,Power,
AT8,VSS,GND,9388.2,-10382.8,Power,
AT47,VSS,GND,-6428,-10298.9,Power,
AT57,VSS,GND,-10442,-10298.9,Power,
AT59,VSS,GND,-11377,-10298.9,Power,
AU54,VSS,GND,-9236.2,-9973.9,Power,
AV4,VSS,GND,10727,-9668.8,Power,
AV9,VSS,GND,8738.2,-9531.8,Power,
AV11,VSS,GND,8088.2,-9531.8,Power,
AW1,VSS,GND,11940,-9343.8,Power,
AW14,VSS,GND,6946.7,-9106.3,Power,
AW51,VSS,GND,-8152.8,-9340.1,Power,
AW55,VSS,GND,-9750,-9325,Power,
AY1,VSS,GND,11940,-8693.8,Power,
AY9,VSS,GND,8738.2,-8680.8,Power,
AY43,VSS,GND,-4678.6,-9000,Power,
AY46,VSS,GND,-5882.2,-9000,Power,
AY48,VSS,GND,-6983.6,-9000,Power,
AY51,VSS,GND,-8152.8,-8659.9,Power,

AY55,VSS,GND,-9750,-8675,Power,
AY58,VSS,GND,-10919.6,-9000,Power,
BA4,VSS,GND,10727,-8368.8,Power,
BB6,VSS,GND,10038.2,-7829.8,Power,
BB8,VSS,GND,9388.2,-7829.8,Power,
BB9,VSS,GND,8738.2,-7829.8,Power,
BB12,VSS,GND,7438.2,-7829.8,Power,
BB54,VSS,GND,-9236.2,-8026.1,Power,
BC14,VSS,GND,6946.7,-7404.3,Power,
BC47,VSS,GND,-6428,-7701.1,Power,
BC57,VSS,GND,-10442,-7701.1,Power,
BC59,VSS,GND,-11377,-7701.1,Power,
BD4,VSS,GND,10727,-7068.8,Power,
BD54,VSS,GND,-9236.2,-7376.1,Power,
BE1,VSS,GND,11940,-6743.8,Power,
BE9,VSS,GND,8738.2,-6978.8,Power,
BE12,VSS,GND,7438.2,-6978.8,Power,
BE51,VSS,GND,-8152.8,-6742.3,Power,
BE55,VSS,GND,-9750,-6727.2,Power,
BF46,VSS,GND,-5882.2,-6402.2,Power,
BF48,VSS,GND,-6983.6,-6402.2,Power,
BF58,VSS,GND,-10919.6,-6402.2,Power,
BG1,VSS,GND,11940,-6093.8,Power,
BG9,VSS,GND,8738.2,-6127.8,Power,
BG12,VSS,GND,7438.2,-6127.8,Power,
BG44,VSS,GND,-5102.8,-5905,Power,
BG52,VSS,GND,-8202.6,-5905,Power,
BH4,VSS,GND,10727,-5768.8,Power,
BH46,VSS,GND,-5882.2,-5407.8,Power,
BH48,VSS,GND,-6983.6,-5407.8,Power,
BH58,VSS,GND,-10919.6,-5407.8,Power,
BJ6,VSS,GND,10038.2,-5276.8,Power,
BJ8,VSS,GND,9388.2,-5276.8,Power,
BJ9,VSS,GND,8738.2,-5276.8,Power,
BJ51,VSS,GND,-8152.8,-5067.7,Power,
BJ55,VSS,GND,-9750,-5082.8,Power,
BL4,VSS,GND,10727,-4468.8,Power,
BL9,VSS,GND,8738.2,-4425.8,Power,
BL11,VSS,GND,8088.2,-4425.8,Power,
BL54,VSS,GND,-9236.2,-4433.9,Power,
BM1,VSS,GND,11940,-4143.8,Power,
BM14,VSS,GND,6946.7,-4000.3,Power,
BM47,VSS,GND,-6425,-4106,Power,
BM57,VSS,GND,-10442,-4108.9,Power,
BM59,VSS,GND,-11377,-4108.9,Power,
BN1,VSS,GND,11940,-3493.8,Power,
BN9,VSS,GND,8738.2,-3574.8,Power,
BN54,VSS,GND,-9236.2,-3783.9,Power,
BP4,VSS,GND,10727,-3168.8,Power,
BP51,VSS,GND,-8152.8,-3150.1,Power,
BP55,VSS,GND,-9750,-3135,Power,
BR6,VSS,GND,10038.2,-2723.8,Power,
BR8,VSS,GND,9388.2,-2723.8,Power,
BR9,VSS,GND,8738.2,-2723.8,Power,
BR43,VSS,GND,-4678.6,-2810,Power,
BR46,VSS,GND,-5882.2,-2810,Power,
BR48,VSS,GND,-6983.6,-2810,Power,
BR58,VSS,GND,-10919.6,-2810,Power,
BT4,VSS,GND,10727,-2518.8,Power,
BT51,VSS,GND,-8152.8,-2469.9,Power,
BT55,VSS,GND,-9750,-2485,Power,
BU9,VSS,GND,8738.2,-1872.8,Power,
BU54,VSS,GND,-9236.2,-1836.1,Power,
BV1,VSS,GND,11940,-1543.8,Power,
BV47,VSS,GND,-6428,-1511.1,Power,
BV57,VSS,GND,-10442,-1511.1,Power,
BV59,VSS,GND,-11377,-1511.1,Power,
BW4,VSS,GND,10727,-1218.8,Power,
BW9,VSS,GND,8738.2,-1021.8,Power,
BW54,VSS,GND,-9236.2,-1186.1,Power,
BY3,VSS,GND,11290,-893.8,Power,
CA14,VSS,GND,6946.7,-596.3,Power,
CA43,VSS,GND,-4678.6,-212.2,Power,
CA46,VSS,GND,-5882.2,-212.2,Power,
CA48,VSS,GND,-6983.6,-212.2,Power,
CA51,VSS,GND,-8152.8,-552.3,Power,
CA55,VSS,GND,-9750,-537.2,Power,
CA58,VSS,GND,-10919.6,-212.2,Power,
CB4,VSS,GND,10727,81.2,Power,
CB6,VSS,GND,10038.2,-170.8,Power,
CB8,VSS,GND,9388.2,-170.8,Power,
CB9,VSS,GND,8738.2,-170.8,Power,
CC1,VSS,GND,11940,406.2,Power,
CC52,VSS,GND,-8202.6,285,Power,
CD46,VSS,GND,-5892,765.2,Power,
CD58,VSS,GND,-10919.6,782.2,Power,
CE51,VSS,GND,-8152.8,1122.3,Power,
CE55,VSS,GND,-9750,1107.2,Power,
CF47,VSS,GND,-6592.4,1690.8,Power,
CF49,VSS,GND,-7331.4,1783.9,Power,
CF54,VSS,GND,-9236.2,1756.1,Power,
CG57,VSS,GND,-10442,2081.1,Power,
CG59,VSS,GND,-11377,2081.1,Power,
CH6,VSS,GND,10038.2,2382.2,Power,
CH8,VSS,GND,9388.2,2382.2,Power,
CH9,VSS,GND,8738.2,2382.2,Power,
CH11,VSS,GND,8088.2,2382.2,Power,
CH12,VSS,GND,7438.2,2382.2,Power,
CH54,VSS,GND,-9236.2,2406.1,Power,
CJ4,VSS,GND,10727,2681.2,Power,
CJ14,VSS,GND,6946.7,2807.7,Power,
CJ44,VSS,GND,-5179,2964.9,Power,
CK1,VSS,GND,11940,3006.2,Power,
CK3,VSS,GND,11290,3006.2,Power,
CK43,VSS,GND,-4678.6,3380,Power,
CK46,VSS,GND,-5882.2,3380,Power,
CK48,VSS,GND,-6983.6,3380,Power,
CK51,VSS,GND,-8152.8,3039.9,Power,
CK55,VSS,GND,-9750,3055,Power,
CK58,VSS,GND,-10919.6,3380,Power,
CM52,VSS,GND,-8202.6,3877.2,Power,
CN46,VSS,GND,-5892,4357.4,Power,
CN58,VSS,GND,-10919.6,4374.4,Power,
CP51,VSS,GND,-8152.8,4714.5,Power,
CP55,VSS,GND,-9750,4699.4,Power,
CR43,VSS,GND,-4651.4,5176.5,Power,
CR47,VSS,GND,-6592.4,5283,Power,
CR49,VSS,GND,-7331.4,5376.1,Power,
CR54,VSS,GND,-9236.2,5348.3,Power,
CT6,VSS,GND,10038.2,5786.2,Power,
CT8,VSS,GND,9388.2,5786.2,Power,
CT9,VSS,GND,8738.2,5786.2,Power,
CT11,VSS,GND,8088.2,5786.2,Power,
CT57,VSS,GND,-10442,5673.3,Power,
CT59,VSS,GND,-11377,5673.3,Power,
CU4,VSS,GND,10727,5931.2,Power,
CU54,VSS,GND,-9236.2,5998.3,Power,
CV14,VSS,GND,6946.7,6211.7,Power,
CW43,VSS,GND,-4678.6,6972.2,Power,
CW46,VSS,GND,-5882.2,6972.2,Power,
CW48,VSS,GND,-6983.6,6972.2,Power,
CW51,VSS,GND,-8152.8,6632.1,Power,
CW55,VSS,GND,-9750,6647.2,Power,
CW58,VSS,GND,-10919.6,6972.2,Power,
CY51,VSS,GND,-8152.8,7312.3,Power,
CY55,VSS,GND,-9750,7297.2,Power,
DA6,VSS,GND,10038.2,7488.2,Power,
DA8,VSS,GND,9388.2,7488.2,Power,
DA9,VSS,GND,8738.2,7488.2,Power,
DA11,VSS,GND,8088.2,7488.2,Power,
DA12,VSS,GND,7438.2,7488.2,Power,
DB4,VSS,GND,10727,7881.2,Power,
DB14,VSS,GND,6946.7,7913.7,Power,
DB54,VSS,GND,-9236.2,7946.1,Power,
DC47,VSS,GND,-6428,8271.1,Power,
DC54,VSS,GND,-9236.2,8596.1,Power,
DC57,VSS,GND,-10442,8271.1,Power,
DC59,VSS,GND,-11377,8271.1,Power,
DE44,VSS,GND,-5179,9154.9,Power,
DE51,VSS,GND,-8152.8,9229.9,Power,
DE55,VSS,GND,-9750,9245,Power,
DF43,VSS,GND,-4678.6,9570,Power,
DF46,VSS,GND,-5882.2,9570,Power,
DF48,VSS,GND,-6983.6,9570,Power,
DF58,VSS,GND,-10919.6,9570,Power,
DG6,VSS,GND,10038.2,10041.2,Power,
DG8,VSS,GND,9388.2,10041.2,Power,
DG9,VSS,GND,8738.2,10041.2,Power,
DG11,VSS,GND,8088.2,10041.2,Power,
DG12,VSS,GND,7438.2,10041.2,Power,
DG51,VSS,GND,-8152.8,9910.1,Power,
DG55,VSS,GND,-9750,9895,Power,
DH4,VSS,GND,10727,10481.2,Power,
DH54,VSS,GND,-9236.2,10543.9,Power,
DJ47,VSS,GND,-6428,10868.9,Power,
DJ57,VSS,GND,-10442,10868.9,Power,
DJ59,VSS,GND,-11377,10868.9,Power,
DK14,VSS,GND,6746.7,11320.7,Power,
DK54,VSS,GND,-9236.2,11193.9,Power,
DL10,VSS,GND,8538.2,11746.2,Power,
DL11,VSS,GND,7888.2,11746.2,Power,
DL13,VSS,GND,7238.2,11746.2,Power,
DM4,VSS,GND,10883.2,11986.2,Power,
DM6,VSS,GND,9933,11986.2,Power,
DM41,VSS,GND,-3917.4,11801.4,Power,
DM46,VSS,GND,-5882.2,12167.8,Power,
DM48,VSS,GND,-6983.6,12167.8,Power,
DM51,VSS,GND,-8152.8,11827.7,Power,
DM55,VSS,GND,-9750,11842.8,Power,
DM58,VSS,GND,-10919.6,12167.8,Power,
DM61,VSS,GND,-11940,12167.8,Power,
DN8,VSS,GND,9188.2,12597.2,Power,
DN13,VSS,GND,7238.2,12597.2,Power,
DN40,VSS,GND,-3425.9,12226.9,Power,
DP46,VSS,GND,-5867.4,12822.4,Power,
DP49,VSS,GND,-7167.4,12822.4,Power,
DT8,VSS,GND,9188.2,13448.2,Power,
DT13,VSS,GND,7238.2,13448.2,Power,
DT52,VSS,GND,-8467.4,13503.4,Power,
DV4,VSS,GND,10883.2,14456.4,Power,
DV6,VSS,GND,9933,14456.4,Power,
DV8,VSS,GND,9188.2,14299.2,Power,
DV13,VSS,GND,7238.2,14299.2,Power,
DV44,VSS,GND,-5217.4,14354.4,Power,
DV49,VSS,GND,-7167.4,14354.4,Power,
DV56,VSS,GND,-9932.5,14327.1,Power,
DV58,VSS,GND,-10883.2,14327.1,Power,
DW14,VSS,GND,6746.7,14724.7,Power,
DW25,VSS,GND,2591.7,14765.9,Power,
DW35,VSS,GND,-1412.3,14765.9,Power,
DY8,VSS,GND,9188.2,15150.2,Power,
DY13,VSS,GND,7238.2,15150.2,Power,
DY33,VSS,GND,-911.8,15180.9,Power,
DY36,VSS,GND,-1912.8,15180.9,Power,
DY38,VSS,GND,-2913.8,15180.9,Power,
DY52,VSS,GND,-8467.4,15205.4,Power,
EB8,VSS,GND,9188.2,16001.2,Power,
EB13,VSS,GND,7238.2,16001.2,Power,
EB26,VSS,GND,2091.2,15830.9,Power,
EB31,VSS,GND,89.2,15830.9,Power,
EC21,VSS,GND,4093.2,16480.9,Power,
EC28,VSS,GND,1090.2,16480.9,Power,
ED4,VSS,GND,10883.2,16926.6,Power,
ED6,VSS,GND,9933,16926.6,Power,
ED8,VSS,GND,9188.2,16852.2,Power,
ED13,VSS,GND,7238.2,16852.2,Power,
ED56,VSS,GND,-9932.5,16805.3,Power,
ED58,VSS,GND,-10883.2,16805.3,Power,
ED60,VSS,GND,-11558.2,16805.3,Power,
EE16,VSS,GND,6095.2,17130.9,Power,
EE43,VSS,GND,-4915.8,17130.9,Power,
EE51,VSS,GND,-7918.8,17130.9,Power,
EF8,VSS,GND,9188.2,17703.2,Power,
EF13,VSS,GND,7238.2,17703.2,Power,
EH8,VSS,GND,9188.2,18554.2,Power,
EH13,VSS,GND,7238.2,18554.2,Power,
EK21,VSS,GND,4093.2,19080.9,Power,
EK28,VSS,GND,1090.2,19080.9,Power,
EK36,VSS,GND,-1912.8,19080.9,Power,
EK43,VSS,GND,-4915.8,19080.9,Power,
EK51,VSS,GND,-7918.8,19080.9,Power,
EK56,VSS,GND,-9932.5,19308.5,Power,
EK58,VSS,GND,-10883.2,19308.5,Power,
EL4,VSS,GND,10883.2,19421.8,Power,
EL6,VSS,GND,9933,19421.8,Power,
EL8,VSS,GND,9188.2,19405.2,Power,
EL13,VSS,GND,7238.2,19405.2,Power,
EN8,VSS,GND,9188.2,20256.2,Power,
EN13,VSS,GND,7238.2,20256.2,Power,
EP14,VSS,GND,6746.7,20681.7,Power,
ER1,VSS,GND,11940,21373.5,Power,
ER3,VSS,GND,11290,21373.5,Power,
ER8,VSS,GND,9188.2,21107.2,Power,
ER13,VSS,GND,7238.2,21107.2,Power,
ER21,VSS,GND,4093.2,21030.9,Power,
ER28,VSS,GND,1090.2,21030.9,Power,
ER36,VSS,GND,-1912.8,21030.9,Power,
ER43,VSS,GND,-4915.8,21030.9,Power,
ER51,VSS,GND,-7918.8,21030.9,Power,
ER61,VSS,GND,-11940,21380,Power,
EU8,VSS,GND,9140.2,21943.2,Power,
EU11,VSS,GND,8095.2,22035.3,Power,
EU56,VSS,GND,-10073.8,21807.5,Power,
EU58,VSS,GND,-10986.9,21948.8,Power,
EV4,VSS,GND,10662,22511.8,Power,
EV14,VSS,GND,6803.6,22432.9,Power,
EV20,VSS,GND,4330.9,22432.9,Power,
EV26,VSS,GND,1807.2,22432.9,Power,
EV33,VSS,GND,-671,22432.9,Power,
EV39,VSS,GND,-3149.2,22432.9,Power,
EV45,VSS,GND,-5627.4,22432.9,Power,
EV52,VSS,GND,-8268.4,22432.9,Power,
EV59,VSS,GND,-11311.9,22511.8,Power,
EW61,VSS,GND,-11940,22680,Power,
EY3,VSS,GND,11312,23162,Power,
EY4,VSS,GND,10662,23162,Power,
EY6,VSS,GND,10011.8,23161.9,Power,
EY9,VSS,GND,8658.4,23030.3,Power,
EY14,VSS,GND,6803.6,23383.1,Power,
EY20,VSS,GND,4333.4,23383.1,Power,
EY26,VSS,GND,1827.2,23383.1,Power,
EY33,VSS,GND,-651,23383.1,Power,
EY39,VSS,GND,-3129.2,23383.1,Power,
EY45,VSS,GND,-5607.4,23383.1,Power,
EY52,VSS,GND,-8248.4,23383.1,Power,
EY56,VSS,GND,-10011.8,23162,Power,
EY58,VSS,GND,-10662,23162,Power,
EY59,VSS,GND,-11312,23162,Power,
FA7,VSS,GND,9448.8,23486.9,Power,
FA40,VSS,GND,-3716.4,23662.2,Power,
FB1,VSS,GND,11940,23980.5,Power,
FB14,VSS,GND,6801.1,24114.9,Power,
FB26,VSS,GND,1827.2,24058.1,Power,
FB42,VSS,GND,-4330,23958.8,Power,
FB48,VSS,GND,-6870,23958.8,Power,
FB59,VSS,GND,-11312,23812,Power,
FB61,VSS,GND,-11940,23980,Power,
FC2,VSS,GND,11480,24440,Power,
FC55,VSS,GND,-9530,24440,Power,
FC56,VSS,GND,-10180,24440,Power,
FC58,VSS,GND,-10830,24440,Power,
FC60,VSS,GND,-11480.5,24440,Power,
CAMERA
A55,CSI_RCOMP,Analog,-9530,-24440,Camera,
B54,CSI_RCOMP,Analog,-9361.4,-23810.3,Camera,
AD41,CSI_D_DP[1]/CSI_C_DP[2],I,-4123.4,-15184,Camera,
AB41,CSI_D_DN[1]/CSI_C_DN[2],I,-4123.4,-15834,Camera,
AG41,CSI_D_DP[0]/CSI_C_DP[3],I,-4123.4,-13884,Camera,
AF41,CSI_D_DN[0]/CSI_C_DN[3],I,-4123.4,-14534,Camera,
J41,CSI_D_CLK_P,I,-4123.4,-21034,Camera,
L41,CSI_D_CLK_N,I,-4123.4,-20384,Camera,
P44,CSI_C_DP[1],I,-5301.3,-19318.9,Camera,
M44,CSI_C_DN[1],I,-5301.3,-19968.9,Camera,
T41,CSI_C_DP[0],I,-4123.4,-18434,Camera,
P41,CSI_C_DN[0],I,-4123.4,-19084,Camera,
J44,CSI_C_CLK_P,I,-5301.3,-21268.9,Camera,
K44,CSI_C_CLK_N,I,-5301.3,-20618.9,Camera,

W41,CSI_B_DP[1],I,-4123.4,-17134,Camera,
AA41,CSI_B_DN[1],I,-4123.4,-16484,Camera,
C38,CSI_B_DP[0],I,-2974,-23790,Camera,
A38,CSI_B_DN[0],I,-2974,-24440,Camera,
G39,CSI_B_CLK_P,I,-3136,-21840,Camera,
F39,CSI_B_CLK_N,I,-3136,-22490,Camera,
C36,CSI_A_DP[1]/CSI_B_DP[2],I,-2005,-23790,Camera,
A36,CSI_A_DN[1]/CSI_B_DN[2],I,-2005,-24440,Camera,
G37,CSI_A_DP[0]/CSI_B_DP[3],I,-2570.5,-22165,Camera,
E37,CSI_A_DN[0]/CSI_B_DN[3],I,-2570.5,-22815,Camera,
F36,CSI_A_CLK_P,I,-2005,-22490,Camera,
G36,CSI_A_CLK_N,I,-2005,-21840,Camera,
DISPLAY
AF32,DISP_UTILS_2,O,-512.1,-14251.9,Display,
DJ1,DISP_UTILS_1,O,11940,10806.2,Display,
AP6,DDIB_TXP[3],O,10038.2,-11233.8,Display,
AM6,DDIB_TXP[2],O,10038.2,-12084.8,Display,
AK6,DDIB_TXP[1],O,10038.2,-12935.8,Display,
AH6,DDIB_TXP[0],O,10038.2,-13786.8,Display,
AP8,DDIB_TXN[3],O,9388.2,-11233.8,Display,
AM8,DDIB_TXN[2],O,9388.2,-12084.8,Display,
AK8,DDIB_TXN[1],O,9388.2,-12935.8,Display,
AH8,DDIB_TXN[0],O,9388.2,-13786.8,Display,
AL1,DDIB_RCOMP,Analog,11940,-12593.8,Display,
AE6,DDIB_AUXP,I/O,10038.2,-14637.8,Display,
AE8,DDIB_AUXN,I/O,9388.2,-14637.8,Display,

W3,DDIA_TXP[3],O,11290,-17143.8,Display,
AA1,DDIA_TXP[2],O,11940,-16493.8,Display,
AB3,DDIA_TXP[1],O,11290,-15843.8,Display,
AF1,DDIA_TXP[0],O,11940,-14543.8,Display,
AA3,DDIA_TXN[3],O,11290,-16493.8,Display,
AB1,DDIA_TXN[2],O,11940,-15843.8,Display,
AD3,DDIA_TXN[1],O,11290,-15193.8,Display,
AD1,DDIA_TXN[0],O,11940,-15193.8,Display,
AJ1,DDIA_RCOMP,Analog,11940,-13243.8,Display,
AF3,DDIA_AUXP,I/O,11290,-14543.8,Display,
AG3,DDIA_AUXN,I/O,11290,-13893.8,Display,
PCIEX8
C33,PCIEX8_TX_P[7],O,-755.6,-23790,PCIE,
J33,PCIEX8_TX_P[6],O,-755.6,-21190,PCIE,
C30,PCIEX8_TX_P[5],O,544.4,-23790,PCIE,
J30,PCIEX8_TX_P[4],O,544.4,-21190,PCIE,
C26,PCIEX8_TX_P[3],O,1844.4,-23790,PCIE,
J26,PCIEX8_TX_P[2],O,1844.4,-21190,PCIE,
C23,PCIEX8_TX_P[1],O,3144.4,-23790,PCIE,
J23,PCIEX8_TX_P[0],O,3144.4,-21190,PCIE,
D33,PCIEX8_TX_N[7],O,-755.6,-23140,PCIE,
G33,PCIEX8_TX_N[6],O,-755.6,-21840,PCIE,
D30,PCIEX8_TX_N[5],O,544.4,-23140,PCIE,
G30,PCIEX8_TX_N[4],O,544.4,-21840,PCIE,
D26,PCIEX8_TX_N[3],O,1844.4,-23140,PCIE,
G26,PCIEX8_TX_N[2],O,1844.4,-21840,PCIE,
D23,PCIEX8_TX_N[1],O,3144.4,-23140,PCIE,
G23,PCIEX8_TX_N[0],O,3144.4,-21840,PCIE,

M39,PCIEX8_RX_P[7],I,-3109.1,-19877,PCIE,
U37,PCIEX8_RX_P[6],I,-2330.6,-18151.9,PCIE,
AA37,PCIEX8_RX_P[5],I,-2330.6,-16201.9,PCIE,
U32,PCIEX8_RX_P[4],I,-370.6,-18151.9,PCIE,
AA32,PCIEX8_RX_P[3],I,-370.6,-16201.9,PCIE,
M29,PCIEX8_RX_P[2],I,810.9,-19877,PCIE,
U27,PCIEX8_RX_P[1],I,1589.4,-18151.9,PCIE,
AA27,PCIEX8_RX_P[0],I,1589.4,-16201.9,PCIE,
M37,PCIEX8_RX_N[7],I,-2459.1,-19877,PCIE,
V37,PCIEX8_RX_N[6],I,-2330.6,-17501.9,PCIE,
AC37,PCIEX8_RX_N[5],I,-2330.6,-15551.9,PCIE,
V32,PCIEX8_RX_N[4],I,-370.6,-17501.9,PCIE,
AC32,PCIEX8_RX_N[3],I,-370.6,-15551.9,PCIE,
M27,PCIEX8_RX_N[2],I,1460.9,-19877,PCIE,
V27,PCIEX8_RX_N[1],I,1589.4,-17501.9,PCIE,
AC27,PCIEX8_RX_N[0],I,1589.4,-15551.9,PCIE,
A8,PCIEX8_RCOMP_P,Analog,9193.4,-24440,PCIE,
C8,PCIEX8_RCOMP_P,Analog,9261.8,-23792.9,PCIE,
D8,PCIEX8_RCOMP_N,Analog,9261.8,-23117.9,PCIE,
PCIEX4
F6,PCIEX4_RCOMP_N,Analog,9911.8,-22417.9,PCIE,
A14,PCIEX4_B_TXP[3],O,6762.4,-24440,PCIE,
G14,PCIEX4_B_TXP[2],O,6762.4,-21840,PCIE,
A11,PCIEX4_B_TXP[1],O,7893.4,-24440,PCIE,
G11,PCIEX4_B_TXP[0],O,7893.4,-21840,PCIE,
C14,PCIEX4_B_TXN[3],O,6762.4,-23790,PCIE,
F14,PCIEX4_B_TXN[2],O,6762.4,-22490,PCIE,
C11,PCIEX4_B_TXN[1],O,7893.4,-23790,PCIE,
F11,PCIEX4_B_TXN[0],O,7893.4,-22490,PCIE,
V17,PCIEX4_B_RXP[3],I,5509.4,-17501.9,PCIE,
AC17,PCIEX4_B_RXP[2],I,5509.4,-15551.9,PCIE,
M13,PCIEX4_B_RXP[1],I,7340.9,-19877,PCIE,
V12,PCIEX4_B_RXP[0],I,7469.4,-17501.9,PCIE,
U17,PCIEX4_B_RXN[3],I,5509.4,-18151.9,PCIE,
AA17,PCIEX4_B_RXN[2],I,5509.4,-16201.9,PCIE,
M14,PCIEX4_B_RXN[1],I,6690.9,-19877,PCIE,
U12,PCIEX4_B_RXN[0],I,7469.4,-18151.9,PCIE,
A5,PCIEX4_B_RCOMP_P,Analog,10493.4,-24440,PCIE,
D6,PCIEX4_B_RCOMP_P,Analog,9911.8,-23117.9,PCIE,

A20,PCIEX4_A_TX_P[3],O,4500.5,-24440,PCIE,
G20,PCIEX4_A_TX_P[2],O,4500.5,-21840,PCIE,
A17,PCIEX4_A_TX_P[1],O,5631.5,-24440,PCIE,
G17,PCIEX4_A_TX_P[0],O,5631.5,-21840,PCIE,
C20,PCIEX4_A_TX_N[3],O,4500.5,-23790,PCIE,
F20,PCIEX4_A_TX_N[2],O,4500.5,-22490,PCIE,
C17,PCIEX4_A_TX_N[1],O,5631.5,-23790,PCIE,
F17,PCIEX4_A_TX_N[0],O,5631.5,-22490,PCIE,
M22,PCIEX4_A_RX_P[3],I,3420.9,-19877,PCIE,
V22,PCIEX4_A_RX_P[2],I,3549.4,-17501.9,PCIE,
AC22,PCIEX4_A_RX_P[1],I,3549.4,-15551.9,PCIE,
M18,PCIEX4_A_RX_P[0],I,5380.9,-19877,PCIE,
M24,PCIEX4_A_RX_N[3],I,2770.9,-19877,PCIE,
U22,PCIEX4_A_RX_N[2],I,3549.4,-18151.9,PCIE,
AA22,PCIEX4_A_RX_N[1],I,3549.4,-16201.9,PCIE,
M19,PCIEX4_A_RX_N[0],I,4730.9,-19877,PCIE,
A6,PCIEX4_A_RCOMP_P,Analog,9843.4,-24440,PCIE,
C6,PCIEX4_A_RCOMP_P,Analog,9911.8,-23792.9,PCIE,
PCIE
DY10,PCIE12_TXP/SATA1_TXP,O,8538.2,15150.2,PCH Interfaces,
DY11,PCIE12_TXN/SATA1_TXN,O,7888.2,15150.2,PCH Interfaces,
EA4,PCIE12_RXP/SATA1_RXP,I,10810.4,15698.8,PCH Interfaces,
EA6,PCIE12_RXN/SATA1RXN,I,10160.4,15698.8,PCH Interfaces,
EB10,PCIE11_TXP/SATA0_TXP,O,8538.2,16001.2,PCH Interfaces,
EB11,PCIE11_TXN/SATA0_TXN,O,7888.2,16001.2,PCH Interfaces,
EC5,PCIE11_RXP/SATA0_RXP,I,10516.6,16279.1,PCH Interfaces,
EC6,PCIE11_RXN/SATA0_RXN,I,9866.6,16279.1,PCH Interfaces,
ED10,PCIE10_TXP/UFS11_TXP,O,8538.2,16852.2,PCH Interfaces,
ED11,PCIE10_TXN/UFS11_TXN,O,7888.2,16852.2,PCH Interfaces,
EC1,PCIE10_RXP/UFS11_RXP,I,11940,16361.1,PCH Interfaces,
EC3,PCIE10_RXN/UFS11_RXN,I,11290,16361.1,PCH Interfaces,
EF10,PCIE9_TXP/UFS10_TXP,O,8538.2,17703.2,PCH Interfaces,
EF11,PCIE9_TXN/UFS10_TXN,O,7888.2,17703.2,PCH Interfaces,
EF5,PCIE9_RXP/UFS10_RXP,I,10516.6,17588.2,PCH Interfaces,
EF6,PCIE9_RXN/UFS10_RXN,I,9866.6,17588.2,PCH Interfaces,
EH10,PCIE8_TXP,O,8538.2,18554.2,PCH Interfaces,
EH11,PCIE8_TXN,O,7888.2,18554.2,PCH Interfaces,
EF1,PCIE8_RXP,I,11940,17699.3,PCH Interfaces,
EF3,PCIE8_RXN,I,11290,17699.3,PCH Interfaces,
EL10,PCIE7_TXP,O,8538.2,19405.2,PCH Interfaces,
EL11,PCIE7_TXN,O,7888.2,19405.2,PCH Interfaces,
EG4,PCIE7_RXP,I,10810.4,18169,PCH Interfaces,
EG6,PCIE7_RXN,I,10160.4,18169,PCH Interfaces,

EN10,PCIE6_TXP,O,8538.2,20256.2,PCH Interfaces,
EN11,PCIE6_TXN,O,7888.2,20256.2,PCH Interfaces,
EJ5,PCIE6_RXP,I,10516.6,18774.3,PCH Interfaces,
EJ6,PCIE6_RXN,I,9866.6,18774.3,PCH Interfaces,
ER10,PCIE5_TXP,O,8538.2,21107.2,PCH Interfaces,
ER11,PCIE5_TXN,O,7888.2,21107.2,PCH Interfaces,
EJ1,PCIE5_RXP,I,11940,18856.3,PCH Interfaces,
EJ3,PCIE5_RXN,I,11290,18856.3,PCH Interfaces,
FB10,PCIE4_TXP/USB32_4_TXP,O,8310.3,24115,PCH Interfaces,
FA9,PCIE4_TXN/USB32_4_TXN,O,8873.5,23790,PCH Interfaces,
EV16,PCIE4_RXP/USB32_4_RXP,I,6156.1,22366.5,PCH Interfaces,
EY16,PCIE4_RXN/USB32_4_RXN,I,6156.3,23016.5,PCH Interfaces,
EW11,PCIE3_TXP/USB32_3_TXP,O,8095.2,22705.3,PCH Interfaces,
EY11,PCIE3_TXN/USB32_3_TXN,O,8095.2,23355.3,PCH Interfaces,
EW17,PCIE3_RXP/USB32_3_RXP,I,5575.8,22660.3,PCH Interfaces,
EY17,PCIE3_RXN/USB32_3_RXN,I,5575.8,23310.3,PCH Interfaces,
FA12,PCIE2_TXP/USB32_2_TXP,O,7611.8,23790,PCH Interfaces,
FC12,PCIE2_TXN/USB32_2_TXN,O,7611.8,24440,PCH Interfaces,
FA18,PCIE2_RXP/USB32_2_RXP,I,5106.1,23789.9,PCH Interfaces,
FC18,PCIE2_RXN/USB32_2_RXN,I,5106.1,24439.9,PCH Interfaces,
EV12,PCIE1_TXP/USB32_1_TXP,O,7532,22380.3,PCH Interfaces,
EY12,PCIE1_TXN/USB32_1_TXN,O,7532,23030.3,PCH Interfaces,
EV19,PCIE1_RXP/USB32_1_RXP,I,4995,22366.5,PCH Interfaces,
EY19,PCIE1_RXN/USB32_1_RXN,I,4995,23016.5,PCH Interfaces,
TCP
AM1,TCP_RCOMP,Analog,11940,-11943.8,Type C,
BW8,TCP3_TXRX_P1,I/O,9388.2,-1021.8,Type C,
BU8,TCP3_TXRX_P0,I/O,9388.2,-1872.8,Type C,
BW6,TCP3_TXRX_N1,I/O,10038.2,-1021.8,Type C,
BU6,TCP3_TXRX_N0,I/O,10038.2,-1872.8,Type C,
BU3,TCP3_TX_P1,O,11290,-2193.8,Type C,
BN3,TCP3_TX_P0,O,11290,-3493.8,Type C,
BV3,TCP3_TX_N1,O,11290,-1543.8,Type C,
BR3,TCP3_TX_N0,O,11290,-2843.8,Type C,
BR1,TCP3_AUX_P,I/O,11940,-2843.8,Type C,
BU1,TCP3_AUX_N,I/O,11940,-2193.8,Type C,
BN8,TCP2_TXRX_P1,I/O,9388.2,-3574.8,Type C,
BL8,TCP2_TXRX_P0,I/O,9388.2,-4425.8,Type C,
BN6,TCP2_TXRX_N1,I/O,10038.2,-3574.8,Type C,
BL6,TCP2_TXRX_N0,I/O,10038.2,-4425.8,Type C,
BK3,TCP2_TX_P1,O,11290,-4793.8,Type C,
BG3,TCP2_TX_P0,O,11290,-6093.8,Type C,
BM3,TCP2_TX_N1,O,11290,-4143.8,Type C,
BH3,TCP2_TX_N0,O,11290,-5443.8,Type C,
BH1,TCP2_AUX_P,I/O,11940,-5443.8,Type C,
BK1,TCP2_AUX_N,I/O,11940,-4793.8,Type C,

AV8,TCP1_TXRX_P1,I/O,9388.2,-9531.8,Type C,
AY8,TCP1_TXRX_P0,I/O,9388.2,-8680.8,Type C,
AV6,TCP1_TXRX_N1,I/O,10038.2,-9531.8,Type C,
AY6,TCP1_TXRX_N0,I/O,10038.2,-8680.8,Type C,
AP3,TCP1_TX_P1,O,11290,-11293.8,Type C,
AU3,TCP1_TX_P0,O,11290,-9993.8,Type C,
AR3,TCP1_TX_N1,O,11290,-10643.8,Type C,
AW3,TCP1_TX_N0,O,11290,-9343.8,Type C,
AR1,TCP1_AUX_P,I/O,11940,-10643.8,Type C,
AU1,TCP1_AUX_N,I/O,11940,-9993.8,Type C,
BE8,TCP0_TXRX_P1,I/O,9388.2,-6978.8,Type C,
BG8,TCP0_TXRX_P0,I/O,9388.2,-6127.8,Type C,
BE6,TCP0_TXRX_N1,I/O,10038.2,-6978.8,Type C,
BG6,TCP0_TXRX_N0,I/O,10038.2,-6127.8,Type C,
AY3,TCP0_TX_P1,O,11290,-8693.8,Type C,
BD3,TCP0_TX_P0,O,11290,-7393.8,Type C,
BB3,TCP0_TX_N1,O,11290,-8043.8,Type C,
BE3,TCP0_TX_N0,O,11290,-6743.8,Type C,
BB1,TCP0_AUX_P,I/O,11940,-8043.8,Type C,
BD1,TCP0_AUX_N,I/O,11940,-7393.8,Type C,
USB2
EM5,USB2P_10,I/O,10516.6,20110.4,PCH Interfaces,
EM6,USB2N_10,I/O,9866.6,20110.4,PCH Interfaces,
EL18,USB2P_9,I/O,5094.2,19730.9,PCH Interfaces,
EN18,USB2N_9,I/O,5094.2,20380.9,PCH Interfaces,
EN1,USB2P_8,I/O,11940,20246.5,PCH Interfaces,
EN3,USB2N_8,I/O,11290,20246.5,PCH Interfaces,
ER16,USB2P_7,I/O,6095.2,21030.9,PCH Interfaces,
ET16,USB2N_7,I/O,6095.2,21680.9,PCH Interfaces,
EP4,USB2P_6,I/O,10810.4,20716.2,PCH Interfaces,
EP6,USB2N_6,I/O,10160.4,20716.2,PCH Interfaces,

FA15,USB2P_5,I/O,6238.1,23789.9,PCH Interfaces,
FC15,USB2N_5,I/O,6238.1,24439.9,PCH Interfaces,
ER5,USB2P_4,I/O,10516.6,21321.5,PCH Interfaces,
ER6,USB2N_4,I/O,9866.6,21321.5,PCH Interfaces,
ER18,USB2P_3,I/O,5094.2,21030.9,PCH Interfaces,
ET18,USB2N_3,I/O,5094.2,21680.9,PCH Interfaces,
EH16,USB2P_2,I/O,6095.2,18430.9,PCH Interfaces,
EK16,USB2N_2,I/O,6095.2,19080.9,PCH Interfaces,
EL16,USB2P_1,I/O,6095.2,19730.9,PCH Interfaces,
EN16,USB2N_1,I/O,6095.2,20380.9,PCH Interfaces,
EF18,USB_VBUSSENSE,I,5094.2,17780.9,PCH Interfaces,
EF16,USB_ID,I,6095.2,17780.9,PCH Interfaces,
FB20,USB2_COMP,I,4330.9,24114.9,PCH Interfaces,
VCCCORE
BA44,VCCCORE,PWR,-5179,-8584.9,CPU Power,
BB43,VCCCORE,PWR,-4651.4,-8197.9,CPU Power,
BB45,VCCCORE,PWR,-5596.8,-8084.5,CPU Power,
BC44,VCCCORE,PWR,-5071,-7701.1,CPU Power,
BD43,VCCCORE,PWR,-4651.4,-7204.2,CPU Power,
BD45,VCCCORE,PWR,-5596.8,-7317.7,CPU Power,
BE44,VCCCORE,PWR,-5179,-6817.3,CPU Power,
BH43,VCCCORE,PWR,-4678.6,-5407.8,CPU Power,
BK43,VCCCORE,PWR,-4651.4,-4605.7,CPU Power,
BK44,VCCCORE,PWR,-5179,-4992.7,CPU Power,
BL45,VCCCORE,PWR,-5596.8,-4492.3,CPU Power,
BM44,VCCCORE,PWR,-5071,-4108.9,CPU Power,
BN11,VCCCORE,PWR,8088.2,-3574.8,CPU Power,
BN12,VCCCORE,PWR,7438.2,-3574.8,CPU Power,
BN45,VCCCORE,PWR,-5596.8,-3725.5,CPU Power,
BP14,VCCCORE,PWR,6946.7,-3149.3,CPU Power,
BR11,VCCCORE,PWR,8088.2,-2723.8,CPU Power,
BR12,VCCCORE,PWR,7438.2,-2723.8,CPU Power,
BT14,VCCCORE,PWR,6946.7,-2298.3,CPU Power,
BT44,VCCCORE,PWR,-5179,-2394.9,CPU Power,
BU11,VCCCORE,PWR,8088.2,-1872.8,CPU Power,
BU12,VCCCORE,PWR,7438.2,-1872.8,CPU Power,
BU43,VCCCORE,PWR,-4651.4,-2007.9,CPU Power,
BU45,VCCCORE,PWR,-5596.8,-1894.5,CPU Power,
BV14,VCCCORE,PWR,6946.7,-1447.3,CPU Power,
BV44,VCCCORE,PWR,-5071,-1511.1,CPU Power,
BW12,VCCCORE,PWR,7438.2,-1021.8,CPU Power,
BW43,VCCCORE,PWR,-4651.4,-1014.2,CPU Power,
BW45,VCCCORE,PWR,-5596.8,-1127.7,CPU Power,
BY1,VCCCORE,PWR,11940,-893.8,CPU Power,
BY44,VCCCORE,PWR,-5179,-627.3,CPU Power,
CA1,VCCCORE,PWR,11940,-243.8,CPU Power,
CA3,VCCCORE,PWR,11290,-243.8,CPU Power,
CB12,VCCCORE,PWR,7438.2,-170.8,CPU Power,
CC3,VCCCORE,PWR,11290,406.2,CPU Power,
CC14,VCCCORE,PWR,6946.7,254.7,CPU Power,
CD6,VCCCORE,PWR,10038.2,680.2,CPU Power,
CD8,VCCCORE,PWR,9388.2,680.2,CPU Power,
CD9,VCCCORE,PWR,8738.2,680.2,CPU Power,
CD11,VCCCORE,PWR,8088.2,680.2,CPU Power,
CD12,VCCCORE,PWR,7438.2,680.2,CPU Power,
CE1,VCCCORE,PWR,11940,1056.2,CPU Power,

CE3,VCCCORE,PWR,11290,1056.2,CPU Power,
CE4,VCCCORE,PWR,10727,1381.2,CPU Power,
CE14,VCCCORE,PWR,6946.7,1105.7,CPU Power,
CF1,VCCCORE,PWR,11940,1706.2,CPU Power,
CF3,VCCCORE,PWR,11290,1706.2,CPU Power,
CF6,VCCCORE,PWR,10038.2,1531.2,CPU Power,
CF8,VCCCORE,PWR,9388.2,1531.2,CPU Power,
CF9,VCCCORE,PWR,8738.2,1531.2,CPU Power,
CF11,VCCCORE,PWR,8088.2,1531.2,CPU Power,
CF12,VCCCORE,PWR,7438.2,1531.2,CPU Power,
CG4,VCCCORE,PWR,10727,2031.2,CPU Power,
CG14,VCCCORE,PWR,6946.7,1956.7,CPU Power,
CH1,VCCCORE,PWR,11940,2356.2,CPU Power,
CH3,VCCCORE,PWR,11290,2356.2,CPU Power,
CK4,VCCCORE,PWR,10727,3331.2,CPU Power,
CK6,VCCCORE,PWR,10038.2,3233.2,CPU Power,
CK8,VCCCORE,PWR,9388.2,3233.2,CPU Power,
CK9,VCCCORE,PWR,8738.2,3233.2,CPU Power,
CK11,VCCCORE,PWR,8088.2,3233.2,CPU Power,
CK12,VCCCORE,PWR,7438.2,3233.2,CPU Power,
CL1,VCCCORE,PWR,11940,3656.2,CPU Power,
CL3,VCCCORE,PWR,11290,3656.2,CPU Power,
CL14,VCCCORE,PWR,6946.7,3658.7,CPU Power,
CM4,VCCCORE,PWR,10727,3981.2,CPU Power,
CM6,VCCCORE,PWR,10038.2,4084.2,CPU Power,
CM8,VCCCORE,PWR,9388.2,4084.2,CPU Power,
CM9,VCCCORE,PWR,8738.2,4084.2,CPU Power,
CM11,VCCCORE,PWR,8088.2,4084.2,CPU Power,
CM12,VCCCORE,PWR,7438.2,4084.2,CPU Power,
CN1,VCCCORE,PWR,11940,4306.2,CPU Power,
CN3,VCCCORE,PWR,11290,4306.2,CPU Power,
CN14,VCCCORE,PWR,6946.7,4509.7,CPU Power,
CP1,VCCCORE,PWR,11940,4956.2,CPU Power,
CP3,VCCCORE,PWR,11290,4956.2,CPU Power,
CP4,VCCCORE,PWR,10727,4631.2,CPU Power,
CP6,VCCCORE,PWR,10038.2,4935.2,CPU Power,
CP8,VCCCORE,PWR,9388.2,4935.2,CPU Power,
CP9,VCCCORE,PWR,8738.2,4935.2,CPU Power,
CP11,VCCCORE,PWR,8088.2,4935.2,CPU Power,
CP12,VCCCORE,PWR,7438.2,4935.2,CPU Power,
CR4,VCCCORE,PWR,10727,5281.2,CPU Power,
VCCGT
DA1,VCCGT,PWR,11940,7556.2,Power,
CP44,VCCGT,PWR,-5179,4789.5,CPU Power,
CR45,VCCGT,PWR,-5596.8,5289.9,CPU Power,
CT44,VCCGT,PWR,-5071,5673.3,CPU Power,
CU43,VCCGT,PWR,-4651.4,6170.2,CPU Power,
CU45,VCCGT,PWR,-5596.8,6056.7,CPU Power,
CV4,VCCGT,PWR,10727,6581.2,CPU Power,
CV44,VCCGT,PWR,-5179,6557.1,CPU Power,
CW1,VCCGT,PWR,11940,6906.2,CPU Power,
CW3,VCCGT,PWR,11290,6906.2,CPU Power,
CW6,VCCGT,PWR,10038.2,6637.2,CPU Power,
CW8,VCCGT,PWR,9388.2,6637.2,CPU Power,
CW9,VCCGT,PWR,8738.2,6637.2,CPU Power,
CW11,VCCGT,PWR,8088.2,6637.2,CPU Power,
CW12,VCCGT,PWR,7438.2,6637.2,CPU Power,
CY4,VCCGT,PWR,10727,7231.2,CPU Power,
CY14,VCCGT,PWR,6946.7,7062.7,CPU Power,
CY44,VCCGT,PWR,-5179,7387.3,CPU Power,
DA43,VCCGT,PWR,-4651.4,7774.3,CPU Power,
DB45,VCCGT,PWR,-5596.8,7887.7,CPU Power,
DC1,VCCGT,PWR,11940,8206.2,CPU Power,
DC3,VCCGT,PWR,11290,8206.2,CPU Power,

DC4,VCCGT,PWR,10727,8531.2,CPU Power,
DC6,VCCGT,PWR,10038.2,8339.2,CPU Power,
DC8,VCCGT,PWR,9388.2,8339.2,CPU Power,
DC9,VCCGT,PWR,8738.2,8339.2,CPU Power,
DC11,VCCGT,PWR,8088.2,8339.2,CPU Power,
DC12,VCCGT,PWR,7438.2,8339.2,CPU Power,
DC44,VCCGT,PWR,-5071,8271.1,CPU Power,
DD1,VCCGT,PWR,11940,8856.2,CPU Power,
DD3,VCCGT,PWR,11290,8856.2,CPU Power,
DD14,VCCGT,PWR,6946.7,8764.7,CPU Power,
DD43,VCCGT,PWR,-4651.4,8768,CPU Power,
DD45,VCCGT,PWR,-5596.8,8654.5,CPU Power,
DE4,VCCGT,PWR,10727,9181.2,CPU Power,
DE6,VCCGT,PWR,10038.2,9190.2,CPU Power,
DE8,VCCGT,PWR,9388.2,9190.2,CPU Power,
DE9,VCCGT,PWR,8738.2,9190.2,CPU Power,
DE11,VCCGT,PWR,8088.2,9190.2,CPU Power,
DE12,VCCGT,PWR,7438.2,9190.2,CPU Power,
DF1,VCCGT,PWR,11940,9506.2,CPU Power,
DF3,VCCGT,PWR,11290,9506.2,CPU Power,
DF14,VCCGT,PWR,6946.7,9615.7,CPU Power,
DG4,VCCGT,PWR,10727,9831.2,CPU Power,
VCCIN_AUX
DH45,VCCIN_AUX,PWR,-5596.8,10485.5,Power,
DJ41,VCCIN_AUX,PWR,-3917.4,10950.4,Power,
DJ44,VCCIN_AUX,PWR,-5071,10868.9,Power,
DK40,VCCIN_AUX,PWR,-3425.9,11375.9,Power,
DK43,VCCIN_AUX,PWR,-4651.4,11365.8,Power,
DK45,VCCIN_AUX,PWR,-5596.8,11252.3,Power,
DL44,VCCIN_AUX,PWR,-5179,11752.7,Power,
DM1,VCCIN_AUX,PWR,11940,12106.2,Power,
DM14,VCCIN_AUX,PWR,6746.7,12171.7,Power,
DM43,VCCIN_AUX,PWR,-4678.6,12167.8,Power,
DP41,VCCIN_AUX,PWR,-3917.4,12652.4,Power,
DP42,VCCIN_AUX,PWR,-4567.4,12822.4,Power,
DR14,VCCIN_AUX,PWR,6746.7,13022.7,Power,
DR40,VCCIN_AUX,PWR,-3425.9,13077.9,Power,
DT41,VCCIN_AUX,PWR,-3917.4,13503.4,Power,
DU14,VCCIN_AUX,PWR,6746.7,13873.7,Power,
DU40,VCCIN_AUX,PWR,-3425.9,13928.9,Power,
DV2,VCCIN_AUX,PWR,11615,14453.9,Power,
ED2,VCCIN_AUX,PWR,11615,16924.1,Power,
EL2,VCCIN_AUX,PWR,11615,19421.8,Power,
B3,VCCIN_AUX,PWR,11312,-23811.9,Power,
D3,VCCIN_AUX,PWR,11312,-23161.9,Power,

E1,VCCIN_AUX,PWR,11940,-22993.8,Power,
F1,VCCIN_AUX,PWR,11940,-22343.8,Power,
F3,VCCIN_AUX,PWR,11312,-22511.8,Power,
G3,VCCIN_AUX,PWR,11312,-21861.8,Power,
H4,VCCIN_AUX,PWR,10615,-21586,Power,
J1,VCCIN_AUX,PWR,11940,-21043.8,Power,
J3,VCCIN_AUX,PWR,11290,-21043.8,Power,
L1,VCCIN_AUX,PWR,11940,-20393.8,Power,
L3,VCCIN_AUX,PWR,11290,-20393.8,Power,
N3,VCCIN_AUX,PWR,11290,-19743.8,Power,
AL20,VCCIN_AUX,PWR,4492.9,-12301.9,Power,
AL32,VCCIN_AUX,PWR,-512.1,-12301.9,Power,
AN20,VCCIN_AUX,PWR,4492.9,-11651.9,Power,
AN22,VCCIN_AUX,PWR,3491.9,-11651.9,Power,
AN30,VCCIN_AUX,PWR,488.9,-11651.9,Power,
AN32,VCCIN_AUX,PWR,-512.1,-11651.9,Power,
AN37,VCCIN_AUX,PWR,-2514.1,-11651.9,Power,
AP17,VCCIN_AUX,PWR,5493.9,-11001.9,Power,
AP27,VCCIN_AUX,PWR,1489.9,-11001.9,Power,
AP30,VCCIN_AUX,PWR,488.9,-11001.9,Power,
AP32,VCCIN_AUX,PWR,-512.1,-11001.9,Power,
AP37,VCCIN_AUX,PWR,-2514.1,-11001.9,Power,
VCCPRIM
EB38,VCCPRIM1P05_OUT_PCH,PWR,-2913.8,15830.9,PCH Power,
EE36,VCCPRIM1P05_OUT_PCH,PWR,-1912.8,17130.9,PCH Power,
DV41,VCCPRIM_3P3,PWR,-3917.4,14354.4,PCH Power,
DW40,VCCPRIM_3P3,PWR,-3425.9,14779.9,PCH Power,
EB33,VCCPRIM_3P3,PWR,-911.8,15830.9,PCH Power,
EC31,VCCPRIM_3P3,PWR,89.2,16480.9,PCH Power,
EC33,VCCPRIM_3P3,PWR,-911.8,16480.9,PCH Power,
EE31,VCCPRIM_3P3,PWR,89.2,17130.9,PCH Power,
EB41,VCCPRIM_3P3,PWR,-3917.4,16056.4,PCH Power,

DW20,VCCPRIM_1P8,PWR,4593.7,14765.9,PCH Power,
DW22,VCCPRIM_1P8,PWR,3592.7,14765.9,PCH Power,
DW27,VCCPRIM_1P8,PWR,1590.7,14765.9,PCH Power,
DW30,VCCPRIM_1P8,PWR,589.7,14765.9,PCH Power,
DY21,VCCPRIM_1P8,PWR,4093.2,15180.9,PCH Power,
DY23,VCCPRIM_1P8,PWR,3092.2,15180.9,PCH Power,
DY26,VCCPRIM_1P8,PWR,2091.2,15180.9,PCH Power,
DY28,VCCPRIM_1P8,PWR,1090.2,15180.9,PCH Power,
DY31,VCCPRIM_1P8,PWR,89.2,15180.9,PCH Power,
EB18,VCCPRIM_1P8,PWR,5094.2,15830.9,PCH Power,
EB21,VCCPRIM_1P8,PWR,4093.2,15830.9,PCH Power,
EB23,VCCPRIM_1P8,PWR,3092.2,15830.9,PCH Power,
EB28,VCCPRIM_1P8,PWR,1090.2,15830.9,PCH Power,
EC14,VCCPRIM_1P8,PWR,6746.7,16426.7,PCH Power,
EC16,VCCPRIM_1P8,PWR,6095.2,16480.9,PCH Power,
EC23,VCCPRIM_1P8,PWR,3092.2,16480.9,PCH Power,
EC26,VCCPRIM_1P8,PWR,2091.2,16480.9,PCH Power,
EE14,VCCPRIM_1P8,PWR,6746.7,17277.7,PCH Power,
EE28,VCCPRIM_1P8,PWR,1090.2,17130.9,PCH Power,
EG14,VCCPRIM_1P8,PWR,6746.7,18128.7,PCH Power,
FB33,VCCPRIM_1P8,PWR,-651,24058.1,PCH Power,
DY41,VCCPRIM_1P8,PWR,-3917.4,15205.4,PCH Power,
DY42,VCCPRIM_1P8,PWR,-4567.4,15205.4,PCH Power,
VDD2
J61,VDD2,PWR,-11940,-21380,Power,
R61,VDD2,PWR,-11940,-18782.2,Power,
V61,VDD2,PWR,-11940,-17787.8,Power,
AD61,VDD2,PWR,-11940,-15190,Power,
AG61,VDD2,PWR,-11940,-14195.6,Power,
AN61,VDD2,PWR,-11940,-11597.8,Power,
AP41,VDD2,PWR,-4153,-11214.9,Power,
AP44,VDD2,PWR,-5179,-11182.7,Power,
AR43,VDD2,PWR,-4651.4,-10795.7,Power,
AR45,VDD2,PWR,-5596.8,-10682.3,Power,
AT44,VDD2,PWR,-5071,-10298.9,Power,
AU43,VDD2,PWR,-4651.4,-9802,Power,
AU45,VDD2,PWR,-5596.8,-9915.5,Power,
AV44,VDD2,PWR,-5179,-9415.1,Power,
AY61,VDD2,PWR,-11940,-9000,Power,

BH61,VDD2,PWR,-11940,-5407.8,Power,
BR61,VDD2,PWR,-11940,-2810,Power,
CA61,VDD2,PWR,-11940,-212.2,Power,
CC44,VDD2,PWR,-5102.8,285,Power,
CD43,VDD2,PWR,-4678.6,782.2,Power,
CD61,VDD2,PWR,-11940,782.2,Power,
CE44,VDD2,PWR,-5179,1197.3,Power,
CF43,VDD2,PWR,-4651.4,1584.3,Power,
CF45,VDD2,PWR,-5596.8,1697.7,Power,
CG44,VDD2,PWR,-5071,2081.1,Power,
CH45,VDD2,PWR,-5596.8,2464.5,Power,
CK61,VDD2,PWR,-11940,3380,Power,
CN61,VDD2,PWR,-11940,4374.4,Power,
CW61,VDD2,PWR,-11940,6972.2,Power,
DF61,VDD2,PWR,-11940,9570,Power,
